day,date,year,month,day_of_month,day_of_week,is_weekend,ball_1,ball_2,ball_3,ball_4,ball_5,powerball,sum_main_balls,mean_main_balls,min_main_ball,max_main_ball,range_main_balls,odd_count,even_count,is_powerball_even
1,2015-12-01,2015,12,1,1,0,6,10,13,20,44,15,93,18.6,6,44,38,1,4,0
2,2015-12-04,2015,12,4,4,0,2,3,25,41,43,19,114,22.8,2,43,41,4,1,0
3,2015-12-08,2015,12,8,1,0,1,10,19,29,34,1,93,18.6,1,34,33,3,2,0
4,2015-12-11,2015,12,11,4,0,4,6,33,43,44,13,130,26.0,4,44,40,2,3,0
5,2015-12-15,2015,12,15,1,0,1,7,25,37,41,20,111,22.2,1,41,40,5,0,1
6,2015-12-18,2015,12,18,4,0,3,5,14,21,41,5,84,16.8,3,41,38,4,1,0
7,2015-12-22,2015,12,22,1,0,14,15,26,32,43,15,130,26.0,14,43,29,2,3,0
8,2015-12-29,2015,12,29,1,0,4,10,20,31,35,14,100,20.0,4,35,31,2,3,1
9,2017-01-03,2017,1,3,1,0,3,9,26,29,41,16,108,21.6,3,41,38,4,1,1
10,2017-01-06,2017,1,6,4,0,5,7,23,26,35,3,96,19.2,5,35,30,4,1,0
11,2017-01-10,2017,1,10,1,0,8,11,41,42,43,19,145,29.0,8,43,35,3,2,0
12,2017-01-13,2017,1,13,4,0,3,5,9,38,39,7,94,18.8,3,39,36,4,1,0
13,2017-01-17,2017,1,17,1,0,3,12,16,29,43,18,103,20.6,3,43,40,3,2,1
14,2017-01-20,2017,1,20,4,0,6,10,31,38,44,4,129,25.8,6,44,38,1,4,1
15,2017-01-24,2017,1,24,1,0,21,23,29,34,42,20,149,29.8,21,42,21,3,2,1
16,2017-01-27,2017,1,27,4,0,3,5,19,29,32,19,88,17.6,3,32,29,4,1,0
17,2017-01-31,2017,1,31,1,0,7,17,20,26,43,17,113,22.6,7,43,36,3,2,0
18,2017-02-03,2017,2,3,4,0,25,26,35,42,44,4,172,34.4,25,44,19,2,3,1
19,2017-02-07,2017,2,7,1,0,2,7,29,37,45,3,120,24.0,2,45,43,4,1,0
20,2017-02-10,2017,2,10,4,0,12,15,42,44,45,11,158,31.6,12,45,33,2,3,0
21,2017-02-14,2017,2,14,1,0,13,23,24,42,44,7,146,29.2,13,44,31,2,3,0
22,2017-02-17,2017,2,17,4,0,6,11,23,33,34,11,107,21.4,6,34,28,3,2,0
23,2017-02-21,2017,2,21,1,0,6,22,28,31,41,19,128,25.6,6,41,35,2,3,0
24,2017-02-24,2017,2,24,4,0,1,3,7,27,41,2,79,15.8,1,41,40,5,0,1
25,2017-02-28,2017,2,28,1,0,2,8,28,39,41,3,118,23.6,2,41,39,2,3,0
26,2017-03-03,2017,3,3,4,0,7,17,24,40,41,9,129,25.8,7,41,34,3,2,0
27,2017-03-07,2017,3,7,1,0,15,18,24,30,39,16,126,25.2,15,39,24,2,3,1
28,2017-03-10,2017,3,10,4,0,14,25,32,37,41,19,149,29.8,14,41,27,3,2,0
29,2017-03-14,2017,3,14,1,0,10,16,19,25,40,10,110,22.0,10,40,30,2,3,1
30,2017-03-17,2017,3,17,4,0,20,34,38,39,43,17,174,34.8,20,43,23,2,3,0
31,2017-03-21,2017,3,21,1,0,1,17,30,34,37,20,119,23.8,1,37,36,3,2,1
32,2017-03-24,2017,3,24,4,0,6,19,28,34,42,9,129,25.8,6,42,36,1,4,0
33,2017-03-28,2017,3,28,1,0,1,6,11,30,42,11,90,18.0,1,42,41,2,3,0
34,2017-03-31,2017,3,31,4,0,6,8,23,29,45,2,111,22.2,6,45,39,3,2,1
35,2017-04-04,2017,4,4,1,0,6,27,33,41,45,6,152,30.4,6,45,39,4,1,1
36,2017-04-07,2017,4,7,4,0,2,4,17,26,45,16,94,18.8,2,45,43,2,3,1
37,2017-04-11,2017,4,11,1,0,13,21,31,34,39,6,138,27.6,13,39,26,4,1,1
38,2017-04-14,2017,4,14,4,0,5,23,34,38,45,10,145,29.0,5,45,40,3,2,1
39,2017-04-18,2017,4,18,1,0,12,17,28,30,37,5,124,24.8,12,37,25,2,3,0
40,2017-04-21,2017,4,21,4,0,1,11,25,26,37,20,100,20.0,1,37,36,4,1,1
41,2017-04-25,2017,4,25,1,0,10,20,26,30,32,6,118,23.6,10,32,22,0,5,1
42,2017-04-28,2017,4,28,4,0,1,6,8,42,45,8,102,20.4,1,45,44,2,3,1
43,2017-05-02,2017,5,2,1,0,3,25,31,36,45,20,140,28.0,3,45,42,4,1,1
44,2017-05-05,2017,5,5,4,0,5,12,16,17,23,1,73,14.6,5,23,18,3,2,0
45,2017-05-09,2017,5,9,1,0,7,11,13,34,42,16,107,21.4,7,42,35,3,2,1
46,2017-05-12,2017,5,12,4,0,4,24,37,39,43,18,147,29.4,4,43,39,3,2,1
47,2017-05-16,2017,5,16,1,0,18,22,28,29,31,4,128,25.6,18,31,13,2,3,1
48,2017-05-19,2017,5,19,4,0,4,15,29,38,45,7,131,26.2,4,45,41,3,2,0
49,2017-05-23,2017,5,23,1,0,2,10,25,26,45,18,108,21.6,2,45,43,2,3,1
50,2017-05-26,2017,5,26,4,0,7,24,26,38,41,8,136,27.2,7,41,34,2,3,1
51,2017-05-30,2017,5,30,1,0,3,11,21,22,27,17,84,16.8,3,27,24,4,1,0
52,2017-06-02,2017,6,2,4,0,9,10,16,20,44,13,99,19.8,9,44,35,1,4,0
53,2017-06-06,2017,6,6,1,0,1,2,14,20,29,13,66,13.2,1,29,28,2,3,0
54,2017-06-09,2017,6,9,4,0,10,23,39,43,45,18,160,32.0,10,45,35,4,1,1
55,2017-06-13,2017,6,13,1,0,4,7,17,40,43,1,111,22.2,4,43,39,3,2,0
56,2017-06-16,2017,6,16,4,0,2,6,22,27,28,13,85,17.0,2,28,26,1,4,0
57,2017-06-20,2017,6,20,1,0,3,18,21,32,43,9,117,23.4,3,43,40,3,2,0
58,2017-06-23,2017,6,23,4,0,16,20,33,34,41,2,144,28.8,16,41,25,2,3,1
59,2017-06-27,2017,6,27,1,0,26,30,34,41,44,11,175,35.0,26,44,18,1,4,0
60,2017-06-30,2017,6,30,4,0,23,25,35,37,41,11,161,32.2,23,41,18,5,0,0
61,2017-07-04,2017,7,4,1,0,17,25,29,40,45,6,156,31.2,17,45,28,4,1,1
62,2017-07-07,2017,7,7,4,0,1,12,13,21,42,16,89,17.8,1,42,41,3,2,1
63,2017-07-11,2017,7,11,1,0,1,12,18,19,42,17,92,18.4,1,42,41,2,3,0
64,2017-07-14,2017,7,14,4,0,5,21,31,33,41,10,131,26.2,5,41,36,5,0,1
65,2017-07-18,2017,7,18,1,0,5,6,16,30,40,5,97,19.4,5,40,35,1,4,0
66,2017-07-21,2017,7,21,4,0,3,26,28,40,44,7,141,28.2,3,44,41,1,4,0
67,2017-07-25,2017,7,25,1,0,6,10,29,35,42,10,122,24.4,6,42,36,2,3,1
68,2017-07-28,2017,7,28,4,0,1,9,21,30,35,8,96,19.2,1,35,34,4,1,1
69,2017-08-01,2017,8,1,1,0,10,14,27,28,45,2,124,24.8,10,45,35,2,3,1
70,2017-08-04,2017,8,4,4,0,3,12,20,26,39,1,100,20.0,3,39,36,2,3,0
71,2017-08-08,2017,8,8,1,0,24,27,28,37,41,17,157,31.4,24,41,17,3,2,0
72,2017-08-11,2017,8,11,4,0,4,5,16,38,41,17,104,20.8,4,41,37,2,3,0
73,2017-08-15,2017,8,15,1,0,7,13,16,38,40,19,114,22.8,7,40,33,2,3,0
74,2017-08-18,2017,8,18,4,0,8,12,26,33,37,11,116,23.2,8,37,29,2,3,0
75,2017-08-22,2017,8,22,1,0,2,3,23,28,33,18,89,17.8,2,33,31,3,2,1
76,2017-08-25,2017,8,25,4,0,5,9,16,32,37,11,99,19.8,5,37,32,3,2,0
77,2017-08-29,2017,8,29,1,0,1,5,10,38,42,20,96,19.2,1,42,41,2,3,1
78,2017-09-01,2017,9,1,4,0,9,17,19,29,35,19,109,21.8,9,35,26,5,0,0
79,2017-09-05,2017,9,5,1,0,3,15,26,33,40,5,117,23.4,3,40,37,3,2,0
80,2017-09-08,2017,9,8,4,0,7,8,22,34,36,13,107,21.4,7,36,29,1,4,0
81,2017-09-12,2017,9,12,1,0,21,22,24,38,39,2,144,28.8,21,39,18,2,3,1
82,2017-09-15,2017,9,15,4,0,4,9,19,27,34,12,93,18.6,4,34,30,3,2,1
83,2017-09-19,2017,9,19,1,0,5,10,18,19,43,7,95,19.0,5,43,38,3,2,0
84,2017-09-22,2017,9,22,4,0,3,7,21,37,41,9,109,21.8,3,41,38,5,0,0
85,2017-09-26,2017,9,26,1,0,1,3,5,31,34,12,74,14.8,1,34,33,4,1,1
86,2017-09-29,2017,9,29,4,0,1,11,32,37,40,4,121,24.2,1,40,39,3,2,1
87,2017-10-03,2017,10,3,1,0,18,21,30,34,39,6,142,28.4,18,39,21,2,3,1
88,2017-10-06,2017,10,6,4,0,7,34,37,42,45,3,165,33.0,7,45,38,3,2,0
89,2017-10-10,2017,10,10,1,0,4,21,27,30,43,19,125,25.0,4,43,39,3,2,0
90,2017-10-13,2017,10,13,4,0,6,12,30,35,45,1,128,25.6,6,45,39,2,3,0
91,2017-10-17,2017,10,17,1,0,25,32,33,36,40,11,166,33.2,25,40,15,2,3,0
92,2017-10-20,2017,10,20,4,0,6,9,24,28,43,14,110,22.0,6,43,37,2,3,1
93,2017-10-24,2017,10,24,1,0,9,17,20,22,23,4,91,18.2,9,23,14,3,2,1
94,2017-10-27,2017,10,27,4,0,5,8,17,37,42,15,109,21.8,5,42,37,3,2,0
95,2017-10-31,2017,10,31,1,0,4,30,35,38,45,18,152,30.4,4,45,41,2,3,1
96,2017-11-03,2017,11,3,4,0,12,17,19,38,42,12,128,25.6,12,42,30,2,3,1
97,2017-11-07,2017,11,7,1,0,4,11,13,31,43,3,102,20.4,4,43,39,4,1,0
98,2017-11-10,2017,11,10,4,0,5,14,27,39,40,19,125,25.0,5,40,35,3,2,0
99,2017-11-14,2017,11,14,1,0,10,14,22,24,31,12,101,20.2,10,31,21,1,4,1
100,2017-11-17,2017,11,17,4,0,8,12,14,30,36,19,100,20.0,8,36,28,0,5,0
101,2017-11-21,2017,11,21,1,0,7,13,29,32,34,14,115,23.0,7,34,27,3,2,1
102,2017-11-24,2017,11,24,4,0,6,7,17,27,43,6,100,20.0,6,43,37,4,1,1
103,2017-11-28,2017,11,28,1,0,10,16,29,33,36,17,124,24.8,10,36,26,2,3,0
104,2017-12-01,2017,12,1,4,0,3,9,12,20,37,7,81,16.2,3,37,34,3,2,0
105,2017-12-05,2017,12,5,1,0,5,24,25,28,45,19,127,25.4,5,45,40,3,2,0
106,2017-12-08,2017,12,8,4,0,2,4,5,8,23,12,42,8.4,2,23,21,2,3,1
107,2017-12-12,2017,12,12,1,0,7,17,20,24,43,3,111,22.2,7,43,36,3,2,0
108,2017-12-15,2017,12,15,4,0,1,3,23,24,27,1,78,15.6,1,27,26,4,1,0
109,2017-12-19,2017,12,19,1,0,18,23,26,34,43,9,144,28.8,18,43,25,2,3,0
110,2017-12-22,2017,12,22,4,0,3,22,37,38,42,19,142,28.4,3,42,39,2,3,0
111,2017-12-26,2017,12,26,1,0,10,13,16,29,45,16,113,22.6,10,45,35,3,2,1
112,2017-12-29,2017,12,29,4,0,9,18,20,32,38,4,117,23.4,9,38,29,1,4,1
113,2017-01-03,2017,1,3,1,0,1,9,24,30,34,15,98,19.6,1,34,33,2,3,0
114,2017-01-06,2017,1,6,4,0,1,4,13,36,44,5,98,19.6,1,44,43,2,3,0
115,2017-01-10,2017,1,10,1,0,9,11,13,20,31,20,84,16.8,9,31,22,4,1,1
116,2017-01-13,2017,1,13,4,0,9,11,20,33,43,5,116,23.2,9,43,34,4,1,0
117,2017-01-17,2017,1,17,1,0,4,17,25,34,43,6,123,24.6,4,43,39,3,2,1
118,2017-01-20,2017,1,20,4,0,2,7,8,17,23,11,57,11.4,2,23,21,3,2,0
119,2017-01-24,2017,1,24,1,0,17,19,27,31,45,13,139,27.8,17,45,28,5,0,0
120,2017-01-27,2017,1,27,4,0,9,27,28,31,34,9,129,25.8,9,34,25,3,2,0
121,2017-01-31,2017,1,31,1,0,1,6,20,35,39,19,101,20.2,1,39,38,3,2,0
122,2017-02-03,2017,2,3,4,0,25,26,28,30,38,19,147,29.4,25,38,13,1,4,0
123,2017-02-07,2017,2,7,1,0,5,27,30,33,41,20,136,27.2,5,41,36,4,1,1
124,2017-02-10,2017,2,10,4,0,12,15,16,33,41,16,117,23.4,12,41,29,3,2,1
125,2017-02-14,2017,2,14,1,0,10,13,17,39,43,20,122,24.4,10,43,33,4,1,1
126,2017-02-17,2017,2,17,4,0,12,24,27,36,44,1,143,28.6,12,44,32,1,4,0
127,2017-02-21,2017,2,21,1,0,5,9,27,29,43,13,113,22.6,5,43,38,5,0,0
128,2017-02-24,2017,2,24,4,0,5,16,23,26,33,14,103,20.6,5,33,28,3,2,1
129,2017-02-28,2017,2,28,1,0,4,11,13,34,38,16,100,20.0,4,38,34,2,3,1
130,2017-03-03,2017,3,3,4,0,4,11,23,27,29,12,94,18.8,4,29,25,4,1,1
131,2017-03-07,2017,3,7,1,0,1,3,23,27,33,17,87,17.4,1,33,32,5,0,0
132,2017-03-10,2017,3,10,4,0,11,19,29,30,31,10,120,24.0,11,31,20,4,1,1
133,2017-03-14,2017,3,14,1,0,11,25,33,37,41,1,147,29.4,11,41,30,5,0,0
134,2017-03-17,2017,3,17,4,0,6,10,11,13,17,11,57,11.4,6,17,11,3,2,0
135,2017-03-21,2017,3,21,1,0,5,7,15,17,27,17,71,14.2,5,27,22,5,0,0
136,2017-03-24,2017,3,24,4,0,17,25,29,36,41,14,148,29.6,17,41,24,4,1,1
137,2017-03-28,2017,3,28,1,0,4,5,21,22,29,16,81,16.2,4,29,25,3,2,1
138,2017-03-31,2017,3,31,4,0,9,13,34,39,42,8,137,27.4,9,42,33,3,2,1
139,2017-04-04,2017,4,4,1,0,11,30,32,40,42,20,155,31.0,11,42,31,1,4,1
140,2017-04-07,2017,4,7,4,0,23,29,30,31,33,20,146,29.2,23,33,10,4,1,1
141,2017-04-11,2017,4,11,1,0,15,33,35,44,45,18,172,34.4,15,45,30,4,1,1
142,2017-04-14,2017,4,14,4,0,5,7,15,20,43,1,90,18.0,5,43,38,4,1,0
143,2017-04-18,2017,4,18,1,0,6,17,34,35,41,17,133,26.6,6,41,35,3,2,0
144,2017-04-21,2017,4,21,4,0,1,19,29,38,41,12,128,25.6,1,41,40,4,1,1
145,2017-04-25,2017,4,25,1,0,8,24,26,27,33,16,118,23.6,8,33,25,2,3,1
146,2017-04-28,2017,4,28,4,0,13,20,21,41,45,6,140,28.0,13,45,32,4,1,1
147,2017-05-02,2017,5,2,1,0,3,4,8,17,28,19,60,12.0,3,28,25,2,3,0
148,2017-05-05,2017,5,5,4,0,5,9,19,39,40,14,112,22.4,5,40,35,4,1,1
149,2017-05-09,2017,5,9,1,0,8,20,34,36,44,11,142,28.4,8,44,36,0,5,0
150,2017-05-12,2017,5,12,4,0,6,25,26,32,43,20,132,26.4,6,43,37,2,3,1
151,2017-05-16,2017,5,16,1,0,8,9,28,36,38,7,119,23.8,8,38,30,1,4,0
152,2017-05-19,2017,5,19,4,0,3,24,34,35,44,14,140,28.0,3,44,41,2,3,1
153,2017-05-23,2017,5,23,1,0,19,22,23,25,43,14,132,26.4,19,43,24,4,1,1
154,2017-05-26,2017,5,26,4,0,7,12,20,21,28,13,88,17.6,7,28,21,2,3,0
155,2017-05-30,2017,5,30,1,0,7,26,33,43,45,18,154,30.8,7,45,38,4,1,1
156,2017-06-02,2017,6,2,4,0,9,19,25,28,40,10,121,24.2,9,40,31,3,2,1
157,2017-06-06,2017,6,6,1,0,5,15,30,38,44,6,132,26.4,5,44,39,2,3,1
158,2017-06-09,2017,6,9,4,0,4,18,19,27,31,19,99,19.8,4,31,27,3,2,0
159,2017-06-13,2017,6,13,1,0,6,15,32,33,40,6,126,25.2,6,40,34,2,3,1
160,2017-06-16,2017,6,16,4,0,31,34,40,42,44,14,191,38.2,31,44,13,1,4,1
161,2017-06-20,2017,6,20,1,0,2,9,15,16,17,14,59,11.8,2,17,15,3,2,1
162,2017-06-23,2017,6,23,4,0,7,11,29,37,40,17,124,24.8,7,40,33,4,1,0
163,2017-06-27,2017,6,27,1,0,1,27,28,35,42,10,133,26.6,1,42,41,3,2,1
164,2017-06-30,2017,6,30,4,0,1,2,7,22,31,15,63,12.6,1,31,30,3,2,0
165,2017-07-04,2017,7,4,1,0,18,22,30,34,35,2,139,27.8,18,35,17,1,4,1
166,2017-07-07,2017,7,7,4,0,1,4,5,24,35,20,69,13.8,1,35,34,3,2,1
167,2017-07-11,2017,7,11,1,0,9,10,13,27,36,17,95,19.0,9,36,27,3,2,0
168,2017-07-14,2017,7,14,4,0,11,25,26,41,43,8,146,29.2,11,43,32,4,1,1
169,2017-07-18,2017,7,18,1,0,22,25,30,31,36,14,144,28.8,22,36,14,2,3,1
170,2017-07-21,2017,7,21,4,0,11,16,20,22,38,3,107,21.4,11,38,27,1,4,0
171,2017-07-25,2017,7,25,1,0,11,14,31,33,34,6,123,24.6,11,34,23,3,2,1
172,2017-07-28,2017,7,28,4,0,6,18,23,33,34,4,114,22.8,6,34,28,2,3,1
173,2017-08-01,2017,8,1,1,0,12,21,27,33,40,9,133,26.6,12,40,28,3,2,0
174,2017-08-04,2017,8,4,4,0,3,22,38,43,45,15,151,30.2,3,45,42,3,2,0
175,2017-08-08,2017,8,8,1,0,9,13,26,28,34,5,110,22.0,9,34,25,2,3,0
176,2017-08-11,2017,8,11,4,0,3,17,23,36,43,16,122,24.4,3,43,40,4,1,1
177,2017-08-15,2017,8,15,1,0,15,24,29,30,43,4,141,28.2,15,43,28,3,2,1
178,2017-08-18,2017,8,18,4,0,11,14,20,27,38,4,110,22.0,11,38,27,2,3,1
179,2017-08-22,2017,8,22,1,0,10,12,23,29,35,18,109,21.8,10,35,25,3,2,1
180,2017-08-25,2017,8,25,4,0,13,20,24,34,45,10,136,27.2,13,45,32,2,3,1
181,2017-08-29,2017,8,29,1,0,4,10,14,32,37,20,97,19.4,4,37,33,1,4,1
182,2017-09-01,2017,9,1,4,0,28,32,34,37,39,11,170,34.0,28,39,11,2,3,0
183,2017-09-05,2017,9,5,1,0,7,9,20,24,36,2,96,19.2,7,36,29,2,3,1
184,2017-09-08,2017,9,8,4,0,4,22,23,27,35,10,111,22.2,4,35,31,3,2,1
185,2017-09-12,2017,9,12,1,0,5,16,21,26,34,18,102,20.4,5,34,29,2,3,1
186,2017-09-15,2017,9,15,4,0,15,21,30,38,42,12,146,29.2,15,42,27,2,3,1
187,2017-09-19,2017,9,19,1,0,6,14,35,39,41,15,135,27.0,6,41,35,3,2,0
188,2017-09-22,2017,9,22,4,0,3,8,12,19,41,10,83,16.6,3,41,38,3,2,1
189,2017-09-26,2017,9,26,1,0,15,21,30,33,40,16,139,27.8,15,40,25,3,2,1
190,2017-09-29,2017,9,29,4,0,18,22,28,36,39,5,143,28.6,18,39,21,1,4,0
191,2017-10-03,2017,10,3,1,0,9,15,26,41,45,12,136,27.2,9,45,36,4,1,1
192,2017-10-06,2017,10,6,4,0,7,11,16,19,32,5,85,17.0,7,32,25,3,2,0
193,2017-10-10,2017,10,10,1,0,6,22,27,29,32,2,116,23.2,6,32,26,2,3,1
194,2017-10-13,2017,10,13,4,0,16,19,20,29,35,13,119,23.8,16,35,19,3,2,0
195,2017-10-17,2017,10,17,1,0,9,22,25,40,45,9,141,28.2,9,45,36,3,2,0
196,2017-10-20,2017,10,20,4,0,1,6,22,27,42,19,98,19.6,1,42,41,2,3,0
197,2017-10-24,2017,10,24,1,0,1,4,6,19,27,14,57,11.4,1,27,26,3,2,1
198,2017-10-27,2017,10,27,4,0,4,22,31,35,38,15,130,26.0,4,38,34,2,3,0
199,2017-10-31,2017,10,31,1,0,1,9,13,20,24,16,67,13.4,1,24,23,3,2,1
200,2017-11-03,2017,11,3,4,0,1,12,15,34,37,16,99,19.8,1,37,36,3,2,1
201,2017-11-07,2017,11,7,1,0,11,12,15,16,30,12,84,16.8,11,30,19,2,3,1
202,2017-11-10,2017,11,10,4,0,9,13,26,38,43,3,129,25.8,9,43,34,3,2,0
203,2017-11-14,2017,11,14,1,0,9,15,24,26,31,2,105,21.0,9,31,22,3,2,1
204,2017-11-17,2017,11,17,4,0,2,17,26,27,29,13,101,20.2,2,29,27,3,2,0
205,2017-11-21,2017,11,21,1,0,9,10,25,32,37,5,113,22.6,9,37,28,3,2,0
206,2017-11-24,2017,11,24,4,0,25,30,33,36,45,17,169,33.8,25,45,20,3,2,0
207,2017-11-28,2017,11,28,1,0,19,24,25,32,44,19,144,28.8,19,44,25,2,3,0
208,2017-12-01,2017,12,1,4,0,20,23,37,39,43,9,162,32.4,20,43,23,4,1,0
209,2017-12-05,2017,12,5,1,0,9,10,18,23,27,2,87,17.4,9,27,18,3,2,1
210,2017-12-08,2017,12,8,4,0,10,12,17,20,41,17,100,20.0,10,41,31,2,3,0
211,2017-12-12,2017,12,12,1,0,12,22,31,33,40,1,138,27.6,12,40,28,2,3,0
212,2017-12-15,2017,12,15,4,0,15,23,27,34,39,13,138,27.6,15,39,24,4,1,0
213,2017-12-19,2017,12,19,1,0,13,15,25,31,35,8,119,23.8,13,35,22,5,0,1
214,2017-12-22,2017,12,22,4,0,5,11,13,25,34,14,88,17.6,5,34,29,4,1,1
215,2017-12-26,2017,12,26,1,0,4,6,18,24,29,18,81,16.2,4,29,25,1,4,1
216,2017-12-29,2017,12,29,4,0,1,2,12,36,45,4,96,19.2,1,45,44,2,3,1
217,,2018,,,,0,6,9,26,27,42,8,110,22.0,6,42,36,2,3,1
218,,2018,,,,0,13,19,22,30,43,7,127,25.4,13,43,30,3,2,0
219,,2018,,,,0,19,23,24,32,35,13,133,26.6,19,35,16,3,2,0
220,,2018,,,,0,4,14,33,37,39,14,127,25.4,4,39,35,3,2,1
221,,2018,,,,0,7,12,13,28,42,3,102,20.4,7,42,35,2,3,0
222,,2018,,,,0,2,6,20,25,44,11,97,19.4,2,44,42,1,4,0
223,,2018,,,,0,9,10,16,35,44,13,114,22.8,9,44,35,2,3,0
224,,2018,,,,0,3,13,27,34,35,17,112,22.4,3,35,32,4,1,0
225,,2018,,,,0,2,16,23,31,35,10,107,21.4,2,35,33,3,2,1
226,,2018,,,,0,10,14,30,43,45,8,142,28.4,10,45,35,2,3,1
227,,2018,,,,0,7,13,21,26,37,12,104,20.8,7,37,30,4,1,1
228,,2018,,,,0,9,20,21,22,30,17,102,20.4,9,30,21,2,3,0
229,,2018,,,,0,20,23,27,37,44,16,151,30.2,20,44,24,3,2,1
230,,2018,,,,0,8,11,12,19,33,13,83,16.6,8,33,25,3,2,0
231,,2018,,,,0,8,15,27,28,43,15,121,24.2,8,43,35,3,2,0
232,,2018,,,,0,4,23,25,29,35,4,116,23.2,4,35,31,4,1,1
233,,2018,,,,0,7,15,30,31,36,2,119,23.8,7,36,29,3,2,1
234,,2018,,,,0,1,7,29,34,41,20,112,22.4,1,41,40,4,1,1
235,,2018,,,,0,6,11,12,19,32,20,80,16.0,6,32,26,2,3,1
236,,2018,,,,0,8,18,19,22,26,5,93,18.6,8,26,18,1,4,0
237,,2018,,,,0,17,22,23,25,45,17,132,26.4,17,45,28,4,1,0
238,,2018,,,,0,9,14,16,26,29,15,94,18.8,9,29,20,2,3,0
239,,2018,,,,0,12,19,22,40,45,8,138,27.6,12,45,33,2,3,1
240,,2018,,,,0,14,22,31,37,44,4,148,29.6,14,44,30,2,3,1
241,,2018,,,,0,8,26,30,42,44,9,150,30.0,8,44,36,0,5,0
242,,2018,,,,0,16,21,26,28,35,12,126,25.2,16,35,19,2,3,1
243,,2018,,,,0,21,22,32,40,44,6,159,31.8,21,44,23,1,4,1
244,,2018,,,,0,7,12,33,41,43,8,136,27.2,7,43,36,4,1,1
245,,2018,,,,0,12,22,26,42,43,10,145,29.0,12,43,31,1,4,1
246,,2018,,,,0,5,16,19,34,36,8,110,22.0,5,36,31,2,3,1
247,,2018,,,,0,12,21,23,31,32,11,119,23.8,12,32,20,3,2,0
248,,2018,,,,0,7,11,16,21,42,6,97,19.4,7,42,35,3,2,1
249,,2018,,,,0,2,11,23,24,33,18,93,18.6,2,33,31,3,2,1
250,,2018,,,,0,4,6,13,27,44,4,94,18.8,4,44,40,2,3,1
251,,2018,,,,0,2,6,14,29,30,5,81,16.2,2,30,28,1,4,0
252,,2018,,,,0,4,31,32,36,44,15,147,29.4,4,44,40,1,4,0
253,,2018,,,,0,4,13,24,38,39,11,118,23.6,4,39,35,2,3,0
254,,2018,,,,0,20,23,30,31,43,17,147,29.4,20,43,23,3,2,0
255,,2018,,,,0,28,32,33,37,45,11,175,35.0,28,45,17,3,2,0
256,,2018,,,,0,7,8,18,29,44,5,106,21.2,7,44,37,2,3,0
257,,2018,,,,0,2,18,35,40,41,12,136,27.2,2,41,39,2,3,1
258,,2018,,,,0,2,12,25,29,37,19,105,21.0,2,37,35,3,2,0
259,,2018,,,,0,8,17,23,28,41,9,117,23.4,8,41,33,3,2,0
260,,2018,,,,0,4,16,21,29,30,11,100,20.0,4,30,26,2,3,0
261,,2018,,,,0,5,7,13,19,44,16,88,17.6,5,44,39,4,1,1
262,,2018,,,,0,9,11,12,13,37,4,82,16.4,9,37,28,4,1,1
263,,2018,,,,0,2,5,23,30,33,11,93,18.6,2,33,31,3,2,0
264,,2018,,,,0,3,18,22,29,41,17,113,22.6,3,41,38,3,2,0
265,,2018,,,,0,17,23,39,43,50,19,172,34.4,17,50,33,4,1,0
266,,2018,,,,0,9,33,38,42,44,12,166,33.2,9,44,35,2,3,1
267,,2018,,,,0,11,23,25,43,49,12,151,30.2,11,49,38,5,0,1
268,,2018,,,,0,11,14,29,32,36,18,122,24.4,11,36,25,2,3,1
269,,2018,,,,0,20,28,29,30,39,9,146,29.2,20,39,19,2,3,0
270,,2018,,,,0,18,21,22,38,48,8,147,29.4,18,48,30,1,4,1
271,,2018,,,,0,10,14,18,33,40,12,115,23.0,10,40,30,1,4,1
272,,2018,,,,0,14,23,38,41,47,3,163,32.6,14,47,33,3,2,0
273,,2018,,,,0,12,28,31,35,41,1,147,29.4,12,41,29,3,2,0
274,,2018,,,,0,1,19,21,25,32,4,98,19.6,1,32,31,4,1,1
275,,2018,,,,0,6,17,26,41,50,16,140,28.0,6,50,44,2,3,1
276,,2018,,,,0,2,11,13,15,39,2,80,16.0,2,39,37,4,1,1
277,,2018,,,,0,12,40,42,44,45,14,183,36.6,12,45,33,1,4,1
278,,2018,,,,0,1,18,24,40,48,19,131,26.2,1,48,47,1,4,0
279,,2018,,,,0,8,14,27,35,40,2,124,24.8,8,40,32,2,3,1
280,,2018,,,,0,10,14,28,30,39,6,121,24.2,10,39,29,1,4,1
281,,2018,,,,0,6,23,38,43,47,17,157,31.4,6,47,41,3,2,0
282,,2018,,,,0,6,8,22,35,42,19,113,22.6,6,42,36,1,4,0
283,,2018,,,,0,10,20,31,32,36,17,129,25.8,10,36,26,1,4,0
284,,2018,,,,0,10,16,31,32,33,18,122,24.4,10,33,23,2,3,1
285,,2018,,,,0,14,17,19,35,46,2,131,26.2,14,46,32,3,2,1
286,,2018,,,,0,4,5,7,35,50,6,101,20.2,4,50,46,3,2,1
287,,2018,,,,0,6,22,23,44,48,11,143,28.6,6,48,42,1,4,0
288,,2018,,,,0,4,9,24,27,34,17,98,19.6,4,34,30,2,3,0
289,,2018,,,,0,2,10,36,48,50,11,146,29.2,2,50,48,0,5,0
290,,2018,,,,0,5,40,45,49,50,17,189,37.8,5,50,45,3,2,0
291,,2018,,,,0,3,12,26,33,37,16,111,22.2,3,37,34,3,2,1
292,,2018,,,,0,33,36,40,44,50,19,203,40.6,33,50,17,1,4,0
293,,2018,,,,0,15,16,20,41,43,12,135,27.0,15,43,28,3,2,1
294,,2018,,,,0,2,24,31,45,46,10,148,29.6,2,46,44,2,3,1
295,,2018,,,,0,20,22,26,32,41,15,141,28.2,20,41,21,1,4,0
296,,2018,,,,0,11,24,29,45,49,11,158,31.6,11,49,38,4,1,0
297,,2018,,,,0,1,23,37,44,48,18,153,30.6,1,48,47,3,2,1
298,,2018,,,,0,12,13,15,21,22,3,83,16.6,12,22,10,3,2,0
299,,2018,,,,0,5,9,19,36,43,14,112,22.4,5,43,38,4,1,1
300,,2018,,,,0,8,17,22,43,48,4,138,27.6,8,48,40,2,3,1
301,,2018,,,,0,13,14,28,47,48,5,150,30.0,13,48,35,2,3,0
302,,2018,,,,0,18,29,36,41,45,1,169,33.8,18,45,27,3,2,0
303,,2018,,,,0,22,28,31,36,40,14,157,31.4,22,40,18,1,4,1
304,,2018,,,,0,11,28,39,40,45,16,163,32.6,11,45,34,3,2,1
305,,2018,,,,0,1,5,19,25,46,7,96,19.2,1,46,45,4,1,0
306,,2018,,,,0,15,19,22,41,43,11,140,28.0,15,43,28,4,1,0
307,,2018,,,,0,9,16,20,26,41,15,112,22.4,9,41,32,2,3,0
308,,2018,,,,0,1,23,37,43,46,11,150,30.0,1,46,45,4,1,0
309,,2018,,,,0,23,35,39,40,44,8,181,36.2,23,44,21,3,2,1
310,,2018,,,,0,4,9,35,43,45,5,136,27.2,4,45,41,4,1,0
311,,2018,,,,0,4,12,22,41,46,5,125,25.0,4,46,42,1,4,0
312,,2018,,,,0,4,13,14,26,35,3,92,18.4,4,35,31,2,3,0
313,,2018,,,,0,7,10,13,39,45,5,114,22.8,7,45,38,4,1,0
314,,2018,,,,0,3,16,26,33,43,6,121,24.2,3,43,40,3,2,1
315,,2018,,,,0,3,8,12,24,28,10,75,15.0,3,28,25,1,4,1
316,,2018,,,,0,7,30,33,42,49,19,161,32.2,7,49,42,3,2,0
317,,2018,,,,0,1,11,16,22,48,13,98,19.6,1,48,47,2,3,0
318,,2018,,,,0,21,36,37,39,44,13,177,35.4,21,44,23,3,2,0
319,,2018,,,,0,27,36,37,43,45,12,188,37.6,27,45,18,4,1,1
320,,2018,,,,0,10,24,30,45,48,16,157,31.4,10,48,38,1,4,1
321,,2019,,,,0,6,25,29,32,48,18,140,28.0,6,48,42,2,3,1
322,,2019,,,,0,24,27,34,44,45,18,174,34.8,24,45,21,2,3,1
323,,2019,,,,0,17,25,31,38,39,7,150,30.0,17,39,22,4,1,0
324,,2019,,,,0,2,3,12,14,20,1,51,10.2,2,20,18,1,4,0
325,,2019,,,,0,2,3,15,20,49,20,89,17.8,2,49,47,3,2,1
326,,2019,,,,0,12,14,26,28,45,3,125,25.0,12,45,33,1,4,0
327,,2019,,,,0,17,28,40,42,45,16,172,34.4,17,45,28,2,3,1
328,,2019,,,,0,10,20,23,26,45,3,124,24.8,10,45,35,2,3,0
329,,2019,,,,0,13,24,28,35,37,9,137,27.4,13,37,24,3,2,0
330,,2019,,,,0,7,30,34,41,45,7,157,31.4,7,45,38,3,2,0
331,,2019,,,,0,4,7,13,33,35,19,92,18.4,4,35,31,4,1,0
332,,2019,,,,0,4,6,21,24,47,8,102,20.4,4,47,43,2,3,1
333,,2019,,,,0,14,16,19,31,34,7,114,22.8,14,34,20,2,3,0
334,,2019,,,,0,7,13,19,27,36,13,102,20.4,7,36,29,4,1,0
335,,2019,,,,0,14,16,32,38,50,19,150,30.0,14,50,36,0,5,0
336,,2019,,,,0,1,20,24,34,46,17,125,25.0,1,46,45,1,4,0
337,,2019,,,,0,5,15,26,44,47,12,137,27.4,5,47,42,3,2,1
338,,2019,,,,0,5,24,30,33,34,6,126,25.2,5,34,29,2,3,1
339,,2019,,,,0,5,8,20,30,41,2,104,20.8,5,41,36,2,3,1
340,,2019,,,,0,16,29,34,38,47,10,164,32.8,16,47,31,2,3,1
341,,2019,,,,0,18,21,24,26,36,14,125,25.0,18,36,18,1,4,1
342,,2019,,,,0,17,22,42,46,50,1,177,35.4,17,50,33,1,4,0
343,,2019,,,,0,8,15,21,22,35,5,101,20.2,8,35,27,3,2,0
344,,2019,,,,0,5,8,25,31,36,4,105,21.0,5,36,31,3,2,1
345,,2019,,,,0,16,19,38,40,50,5,163,32.6,16,50,34,1,4,0
346,,2019,,,,0,3,13,14,30,45,2,105,21.0,3,45,42,3,2,1
347,,2019,,,,0,5,11,21,24,45,1,106,21.2,5,45,40,4,1,0
348,,2019,,,,0,2,11,17,19,40,11,89,17.8,2,40,38,3,2,0
349,,2019,,,,0,10,28,34,37,48,8,157,31.4,10,48,38,1,4,1
350,,2019,,,,0,1,31,35,44,49,2,160,32.0,1,49,48,4,1,1
351,,2019,,,,0,1,18,33,46,48,6,146,29.2,1,48,47,2,3,1
352,,2019,,,,0,1,8,35,38,40,7,122,24.4,1,40,39,2,3,0
353,,2019,,,,0,3,23,25,38,44,9,133,26.6,3,44,41,3,2,0
354,,2019,,,,0,6,19,45,47,50,1,167,33.4,6,50,44,3,2,0
355,,2019,,,,0,15,19,21,36,49,6,140,28.0,15,49,34,4,1,1
356,,2019,,,,0,13,25,27,33,37,16,135,27.0,13,37,24,5,0,1
357,,2019,,,,0,6,15,20,21,35,6,97,19.4,6,35,29,3,2,1
358,,2019,,,,0,1,7,15,19,47,10,89,17.8,1,47,46,5,0,1
359,,2019,,,,0,8,12,16,24,50,8,110,22.0,8,50,42,0,5,1
360,,2019,,,,0,2,3,7,10,29,10,51,10.2,2,29,27,3,2,1
361,,2019,,,,0,7,21,33,38,41,19,140,28.0,7,41,34,4,1,0
362,,2019,,,,0,5,9,24,29,39,19,106,21.2,5,39,34,4,1,0
363,,2019,,,,0,15,18,31,32,45,18,141,28.2,15,45,30,3,2,1
364,,2019,,,,0,4,18,25,28,47,11,122,24.4,4,47,43,2,3,0
365,,2019,,,,0,21,28,33,36,39,4,157,31.4,21,39,18,3,2,1
366,,2019,,,,0,19,21,23,36,50,6,149,29.8,19,50,31,3,2,1
367,,2019,,,,0,7,8,29,47,48,14,139,27.8,7,48,41,3,2,1
368,,2019,,,,0,5,20,37,42,47,5,151,30.2,5,47,42,3,2,0
369,,2019,,,,0,18,25,38,39,41,4,161,32.2,18,41,23,3,2,1
370,,2019,,,,0,19,24,30,34,46,15,153,30.6,19,46,27,1,4,0
371,,2019,,,,0,9,11,27,42,46,13,135,27.0,9,46,37,3,2,0
372,,2019,,,,0,31,36,40,45,50,10,202,40.4,31,50,19,2,3,1
373,,2019,,,,0,11,15,19,25,28,4,98,19.6,11,28,17,4,1,1
374,,2019,,,,0,7,11,13,18,37,17,86,17.2,7,37,30,4,1,0
375,,2019,,,,0,2,10,22,36,38,19,108,21.6,2,38,36,0,5,0
376,,2019,,,,0,2,14,15,22,45,2,98,19.6,2,45,43,2,3,1
377,,2019,,,,0,1,19,34,48,50,13,152,30.4,1,50,49,2,3,0
378,,2019,,,,0,7,22,34,44,49,12,156,31.2,7,49,42,2,3,1
379,,2019,,,,0,2,20,23,25,46,8,116,23.2,2,46,44,2,3,1
380,,2019,,,,0,8,38,40,48,49,8,183,36.6,8,49,41,1,4,1
381,,2019,,,,0,6,10,16,40,45,13,117,23.4,6,45,39,1,4,0
382,,2019,,,,0,8,15,17,28,40,12,108,21.6,8,40,32,2,3,1
383,,2019,,,,0,5,14,28,29,40,18,116,23.2,5,40,35,2,3,1
384,,2019,,,,0,1,16,18,28,37,11,100,20.0,1,37,36,2,3,0
385,,2019,,,,0,6,9,11,35,45,11,106,21.2,6,45,39,4,1,0
386,,2019,,,,0,18,25,29,41,44,2,157,31.4,18,44,26,3,2,1
387,,2019,,,,0,3,19,23,28,41,15,114,22.8,3,41,38,4,1,0
388,,2019,,,,0,19,20,21,37,42,5,139,27.8,19,42,23,3,2,0
389,,2019,,,,0,3,8,10,26,42,17,89,17.8,3,42,39,1,4,0
390,,2019,,,,0,9,10,14,19,28,2,80,16.0,9,28,19,2,3,1
391,,2019,,,,0,2,9,14,29,30,8,84,16.8,2,30,28,2,3,1
392,,2019,,,,0,2,4,14,35,43,14,98,19.6,2,43,41,2,3,1
393,,2019,,,,0,2,14,20,31,38,2,105,21.0,2,38,36,1,4,1
394,,2019,,,,0,3,13,27,32,35,14,110,22.0,3,35,32,4,1,1
395,,2019,,,,0,22,29,33,38,45,5,167,33.4,22,45,23,3,2,0
396,,2019,,,,0,11,23,24,25,44,13,127,25.4,11,44,33,3,2,0
397,,2019,,,,0,9,15,20,28,37,20,109,21.8,9,37,28,3,2,1
398,,2019,,,,0,14,30,35,40,41,6,160,32.0,14,41,27,2,3,1
399,,2019,,,,0,11,16,17,24,50,2,118,23.6,11,50,39,2,3,1
400,,2019,,,,0,18,37,38,46,48,1,187,37.4,18,48,30,1,4,0
401,,2019,,,,0,19,28,33,42,46,4,168,33.6,19,46,27,2,3,1
402,,2019,,,,0,18,24,37,39,44,10,162,32.4,18,44,26,2,3,1
403,,2019,,,,0,2,3,29,34,46,2,114,22.8,2,46,44,2,3,1
404,,2019,,,,0,7,9,11,23,28,4,78,15.6,7,28,21,4,1,1
405,,2019,,,,0,29,31,33,37,46,15,176,35.2,29,46,17,4,1,0
406,,2019,,,,0,3,6,23,29,47,19,108,21.6,3,47,44,4,1,0
407,,2019,,,,0,12,14,26,28,45,7,125,25.0,12,45,33,1,4,0
408,,2019,,,,0,4,26,30,32,36,7,128,25.6,4,36,32,0,5,0
409,,2019,,,,0,16,21,31,36,39,7,143,28.6,16,39,23,3,2,0
410,,2019,,,,0,1,13,19,37,42,18,112,22.4,1,42,41,4,1,1
411,,2019,,,,0,3,25,36,42,44,15,150,30.0,3,44,41,2,3,0
412,,2019,,,,0,18,21,25,29,34,3,127,25.4,18,34,16,3,2,0
413,,2019,,,,0,31,32,39,45,47,16,194,38.8,31,47,16,4,1,1
414,,2019,,,,0,3,14,15,27,32,12,91,18.2,3,32,29,3,2,1
415,,2019,,,,0,5,12,17,31,34,16,99,19.8,5,34,29,3,2,1
416,,2019,,,,0,17,27,30,34,37,20,145,29.0,17,37,20,3,2,1
417,,2019,,,,0,12,24,43,46,49,12,174,34.8,12,49,37,2,3,1
418,,2019,,,,0,14,19,34,44,49,4,160,32.0,14,49,35,2,3,1
419,,2019,,,,0,14,16,19,27,30,5,106,21.2,14,30,16,2,3,0
420,,2019,,,,0,4,10,13,21,27,19,75,15.0,4,27,23,3,2,0
421,,2019,,,,0,13,18,21,35,36,16,123,24.6,13,36,23,3,2,1
422,,2019,,,,0,7,9,27,35,46,12,124,24.8,7,46,39,4,1,1
423,,2019,,,,0,4,21,22,42,50,7,139,27.8,4,50,46,1,4,0
424,,2019,,,,0,22,27,33,43,46,18,171,34.2,22,46,24,3,2,1
425,,2019,,,,0,1,9,17,26,35,3,88,17.6,1,35,34,4,1,0
426,,2020,,,,0,1,4,6,31,34,5,76,15.2,1,34,33,2,3,0
427,,2020,,,,0,4,17,29,34,39,1,123,24.6,4,39,35,3,2,0
428,,2020,,,,0,7,8,9,27,44,1,95,19.0,7,44,37,3,2,0
429,,2020,,,,0,5,6,12,15,17,17,55,11.0,5,17,12,3,2,0
430,,2020,,,,0,4,13,19,21,24,4,81,16.2,4,24,20,3,2,1
431,,2020,,,,0,14,30,33,46,49,19,172,34.4,14,49,35,2,3,0
432,,2020,,,,0,7,21,33,37,48,14,146,29.2,7,48,41,4,1,1
433,,2020,,,,0,1,4,19,29,33,20,86,17.2,1,33,32,4,1,1
434,,2020,,,,0,1,3,8,16,30,18,58,11.6,1,30,29,2,3,1
435,,2020,,,,0,17,18,23,28,45,13,131,26.2,17,45,28,3,2,0
436,,2020,,,,0,13,20,40,41,45,17,159,31.8,13,45,32,3,2,0
437,,2020,,,,0,7,12,15,18,45,17,97,19.4,7,45,38,3,2,0
438,,2020,,,,0,2,3,9,10,33,12,57,11.4,2,33,31,3,2,1
439,,2020,,,,0,14,20,27,45,47,14,153,30.6,14,47,33,3,2,1
440,,2020,,,,0,1,8,13,25,43,6,90,18.0,1,43,42,4,1,1
441,,2020,,,,0,1,16,38,47,48,4,150,30.0,1,48,47,2,3,1
442,,2020,,,,0,5,17,19,24,26,16,91,18.2,5,26,21,3,2,1
443,,2020,,,,0,13,25,33,39,44,17,154,30.8,13,44,31,4,1,0
444,,2020,,,,0,2,16,19,36,50,15,123,24.6,2,50,48,1,4,0
445,,2020,,,,0,2,3,15,32,36,5,88,17.6,2,36,34,2,3,0
446,,2020,,,,0,2,13,35,44,50,4,144,28.8,2,50,48,2,3,1
447,,2020,,,,0,11,20,22,25,50,16,128,25.6,11,50,39,2,3,1
448,,2020,,,,0,1,18,27,36,37,5,119,23.8,1,37,36,3,2,0
449,,2020,,,,0,6,12,24,34,45,12,121,24.2,6,45,39,1,4,1
450,,2020,,,,0,2,16,28,36,39,16,121,24.2,2,39,37,1,4,1
451,,2020,,,,0,5,35,37,42,50,20,169,33.8,5,50,45,3,2,1
452,,2020,,,,0,8,19,21,29,50,13,127,25.4,8,50,42,3,2,0
453,,2020,,,,0,11,12,21,41,45,19,130,26.0,11,45,34,4,1,0
454,,2020,,,,0,10,13,22,27,41,4,113,22.6,10,41,31,3,2,1
455,,2020,,,,0,3,4,25,31,46,8,109,21.8,3,46,43,3,2,1
456,,2020,,,,0,8,9,16,45,49,18,127,25.4,8,49,41,3,2,1
457,,2020,,,,0,13,19,36,37,43,9,148,29.6,13,43,30,4,1,0
458,,2020,,,,0,3,12,22,24,28,19,89,17.8,3,28,25,1,4,0
459,,2020,,,,0,9,18,37,39,48,4,151,30.2,9,48,39,3,2,1
460,,2020,,,,0,8,17,18,34,44,9,121,24.2,8,44,36,1,4,0
461,,2020,,,,0,2,12,18,32,33,2,97,19.4,2,33,31,1,4,1
462,,2020,,,,0,3,16,34,37,44,9,134,26.8,3,44,41,2,3,0
463,,2020,,,,0,5,6,8,28,50,18,97,19.4,5,50,45,1,4,1
464,,2020,,,,0,2,12,43,44,45,13,146,29.2,2,45,43,2,3,0
465,,2020,,,,0,8,17,25,29,31,1,110,22.0,8,31,23,4,1,0
466,,2020,,,,0,18,26,27,35,36,9,142,28.4,18,36,18,2,3,0
467,,2020,,,,0,5,6,26,29,49,10,115,23.0,5,49,44,3,2,1
468,,2020,,,,0,4,9,24,32,34,5,103,20.6,4,34,30,1,4,0
469,,2020,,,,0,2,3,5,11,42,2,63,12.6,2,42,40,3,2,1
470,,2020,,,,0,3,7,26,29,48,14,113,22.6,3,48,45,3,2,1
471,,2020,,,,0,21,22,25,31,42,20,141,28.2,21,42,21,3,2,1
472,,2020,,,,0,3,20,22,41,45,1,131,26.2,3,45,42,3,2,0
473,,2020,,,,0,4,11,18,22,46,10,101,20.2,4,46,42,1,4,1
474,,2020,,,,0,1,3,9,18,40,19,71,14.2,1,40,39,3,2,0
475,,2020,,,,0,10,13,24,32,35,20,114,22.8,10,35,25,2,3,1
476,,2020,,,,0,7,15,20,22,39,8,103,20.6,7,39,32,3,2,1
477,,2020,,,,0,6,27,28,38,45,3,144,28.8,6,45,39,2,3,0
478,,2020,,,,0,4,13,15,22,29,7,83,16.6,4,29,25,3,2,0
479,,2020,,,,0,4,5,10,47,50,16,116,23.2,4,50,46,2,3,1
480,,2020,,,,0,7,13,23,37,39,7,119,23.8,7,39,32,5,0,0
481,,2020,,,,0,6,11,25,39,48,3,129,25.8,6,48,42,3,2,0
482,,2020,,,,0,1,20,28,29,35,6,113,22.6,1,35,34,3,2,1
483,,2020,,,,0,4,5,30,32,48,1,119,23.8,4,48,44,1,4,0
484,,2020,,,,0,7,10,18,23,45,13,103,20.6,7,45,38,3,2,0
485,,2020,,,,0,9,12,13,45,48,2,127,25.4,9,48,39,3,2,1
486,,2020,,,,0,5,8,9,24,29,12,75,15.0,5,29,24,3,2,1
487,,2020,,,,0,5,13,21,31,33,14,103,20.6,5,33,28,5,0,1
488,,2020,,,,0,14,15,22,23,29,11,103,20.6,14,29,15,3,2,0
489,,2020,,,,0,1,13,20,28,45,11,107,21.4,1,45,44,3,2,0
490,,2020,,,,0,3,7,15,23,33,17,81,16.2,3,33,30,5,0,0
491,,2020,,,,0,1,15,25,35,49,7,125,25.0,1,49,48,5,0,0
492,,2020,,,,0,2,9,18,25,43,2,97,19.4,2,43,41,3,2,1
493,,2020,,,,0,2,11,25,28,42,3,108,21.6,2,42,40,2,3,0
494,,2020,,,,0,9,11,14,22,27,4,83,16.6,9,27,18,3,2,1
495,,2020,,,,0,1,14,31,33,45,11,124,24.8,1,45,44,4,1,0
496,,2020,,,,0,8,9,11,30,45,1,103,20.6,8,45,37,3,2,0
497,,2020,,,,0,22,24,29,33,40,10,148,29.6,22,40,18,2,3,1
498,,2020,,,,0,7,12,24,25,34,9,102,20.4,7,34,27,2,3,0
499,,2020,,,,0,1,12,19,27,28,1,87,17.4,1,28,27,3,2,0
500,,2020,,,,0,14,40,41,45,47,7,187,37.4,14,47,33,3,2,0
501,,2020,,,,0,2,8,12,37,47,15,106,21.2,2,47,45,2,3,0
502,,2020,,,,0,12,22,26,46,49,4,155,31.0,12,49,37,1,4,1
503,,2020,,,,0,1,5,16,17,37,5,76,15.2,1,37,36,4,1,0
504,,2020,,,,0,7,14,25,32,42,15,120,24.0,7,42,35,2,3,0
505,,2020,,,,0,14,16,17,41,46,9,134,26.8,14,46,32,2,3,0
506,,2020,,,,0,9,11,32,36,46,18,134,26.8,9,46,37,2,3,1
507,,2020,,,,0,13,17,22,33,41,5,126,25.2,13,41,28,4,1,0
508,,2020,,,,0,22,31,40,47,48,15,188,37.6,22,48,26,2,3,0
509,,2020,,,,0,16,18,30,31,37,17,132,26.4,16,37,21,2,3,0
510,,2020,,,,0,1,13,24,27,38,1,103,20.6,1,38,37,3,2,0
511,,2020,,,,0,6,12,17,31,43,12,109,21.8,6,43,37,3,2,1
512,,2020,,,,0,16,26,34,41,42,10,159,31.8,16,42,26,1,4,1
513,,2020,,,,0,14,16,26,27,45,5,128,25.6,14,45,31,2,3,0
514,,2020,,,,0,4,15,16,40,46,9,121,24.2,4,46,42,1,4,0
515,,2020,,,,0,17,20,28,41,49,11,155,31.0,17,49,32,3,2,0
516,,2020,,,,0,4,8,20,35,48,9,115,23.0,4,48,44,1,4,0
517,,2020,,,,0,8,9,13,48,50,2,128,25.6,8,50,42,2,3,1
518,,2020,,,,0,17,27,32,46,49,12,171,34.2,17,49,32,3,2,1
519,,2020,,,,0,6,8,18,37,42,20,111,22.2,6,42,36,1,4,1
520,,2020,,,,0,11,17,29,47,49,2,153,30.6,11,49,38,5,0,1
521,,2020,,,,0,19,27,30,34,37,18,147,29.4,19,37,18,3,2,1
522,,2020,,,,0,21,22,28,43,48,12,162,32.4,21,48,27,2,3,1
523,,2020,,,,0,5,14,21,30,36,8,106,21.2,5,36,31,2,3,1
524,,2020,,,,0,2,6,13,21,34,14,76,15.2,2,34,32,2,3,1
525,,2020,,,,0,6,7,18,37,47,9,115,23.0,6,47,41,3,2,0
526,,2020,,,,0,1,8,21,24,32,6,86,17.2,1,32,31,2,3,1
527,,2020,,,,0,1,16,27,30,43,16,117,23.4,1,43,42,3,2,1
528,,2020,,,,0,20,27,38,40,43,6,168,33.6,20,43,23,2,3,1
529,,2021,,,,0,1,21,33,36,45,11,136,27.2,1,45,44,4,1,0
530,,2021,,,,0,2,10,19,35,45,5,111,22.2,2,45,43,3,2,0
531,,2021,,,,0,19,20,23,32,33,2,127,25.4,19,33,14,3,2,1
532,,2021,,,,0,14,21,30,36,50,12,151,30.2,14,50,36,1,4,1
533,,2021,,,,0,6,9,18,19,29,10,81,16.2,6,29,23,3,2,1
534,,2021,,,,0,6,32,35,43,45,15,161,32.2,6,45,39,3,2,0
535,,2021,,,,0,1,7,16,20,27,20,71,14.2,1,27,26,3,2,1
536,,2021,,,,0,3,10,20,27,39,20,99,19.8,3,39,36,3,2,1
537,,2021,,,,0,11,12,14,46,50,3,133,26.6,11,50,39,1,4,0
538,,2021,,,,0,1,8,10,33,40,5,92,18.4,1,40,39,2,3,0
539,,2021,,,,0,1,5,9,25,44,9,84,16.8,1,44,43,4,1,0
540,,2021,,,,0,2,25,30,38,46,19,141,28.2,2,46,44,1,4,0
541,,2021,,,,0,2,31,39,43,49,3,164,32.8,2,49,47,4,1,0
542,,2021,,,,0,13,16,31,41,50,10,151,30.2,13,50,37,3,2,1
543,,2021,,,,0,15,19,32,38,41,3,145,29.0,15,41,26,3,2,0
544,,2021,,,,0,6,9,19,20,26,10,80,16.0,6,26,20,2,3,1
545,,2021,,,,0,13,16,29,32,49,13,139,27.8,13,49,36,3,2,0
546,,2021,,,,0,5,6,25,42,49,5,127,25.4,5,49,44,3,2,0
547,,2021,,,,0,10,12,21,27,43,15,113,22.6,10,43,33,3,2,0
548,,2021,,,,0,7,9,35,37,42,2,130,26.0,7,42,35,4,1,1
549,,2021,,,,0,6,15,27,29,47,16,124,24.8,6,47,41,4,1,1
550,,2021,,,,0,14,35,38,45,46,5,178,35.6,14,46,32,2,3,0
551,,2021,,,,0,7,9,26,44,48,4,134,26.8,7,48,41,2,3,1
552,,2021,,,,0,5,6,16,30,46,10,103,20.6,5,46,41,1,4,1
553,,2021,,,,0,6,24,27,28,31,17,116,23.2,6,31,25,2,3,0
554,,2021,,,,0,1,4,13,30,50,14,98,19.6,1,50,49,2,3,1
555,,2021,,,,0,7,10,34,37,42,6,130,26.0,7,42,35,2,3,1
556,,2021,,,,0,16,18,27,30,50,3,141,28.2,16,50,34,1,4,0
557,,2021,,,,0,2,7,10,23,39,3,81,16.2,2,39,37,3,2,0
558,,2021,,,,0,14,27,30,38,48,16,157,31.4,14,48,34,1,4,1
559,,2021,,,,0,14,19,21,39,42,4,135,27.0,14,42,28,3,2,1
560,,2021,,,,0,16,26,30,33,42,13,147,29.4,16,42,26,1,4,0
561,,2021,,,,0,4,15,48,49,50,9,166,33.2,4,50,46,2,3,0
562,,2021,,,,0,1,15,24,30,42,17,112,22.4,1,42,41,2,3,0
563,,2021,,,,0,4,6,8,9,49,18,76,15.2,4,49,45,2,3,1
564,,2021,,,,0,2,7,11,14,38,2,72,14.4,2,38,36,2,3,1
565,,2021,,,,0,1,8,13,39,44,5,105,21.0,1,44,43,3,2,0
566,,2021,,,,0,5,8,22,26,44,3,105,21.0,5,44,39,1,4,0
567,,2021,,,,0,2,4,12,17,34,2,69,13.8,2,34,32,1,4,1
568,,2021,,,,0,8,9,13,30,36,13,96,19.2,8,36,28,2,3,0
569,,2021,,,,0,6,11,15,39,49,8,120,24.0,6,49,43,4,1,1
570,,2021,,,,0,5,10,17,23,47,3,102,20.4,5,47,42,4,1,0
571,,2021,,,,0,12,18,20,31,34,3,115,23.0,12,34,22,1,4,0
572,,2021,,,,0,3,6,14,19,46,8,88,17.6,3,46,43,2,3,1
573,,2021,,,,0,3,7,25,26,48,14,109,21.8,3,48,45,3,2,1
574,,2021,,,,0,14,26,38,47,49,8,174,34.8,14,49,35,2,3,1
575,,2021,,,,0,11,14,25,33,39,18,122,24.4,11,39,28,4,1,1
576,,2021,,,,0,13,16,21,39,48,2,137,27.4,13,48,35,3,2,1
577,,2021,,,,0,20,21,25,31,48,2,145,29.0,20,48,28,3,2,1
578,,2021,,,,0,7,22,29,39,49,4,146,29.2,7,49,42,4,1,1
579,,2021,,,,0,1,3,7,11,35,10,57,11.4,1,35,34,5,0,1
580,,2021,,,,0,7,10,12,23,36,20,88,17.6,7,36,29,2,3,1
581,,2021,,,,0,3,6,8,20,48,2,85,17.0,3,48,45,1,4,1
582,,2021,,,,0,8,9,11,39,45,10,112,22.4,8,45,37,4,1,1
583,,2021,,,,0,5,14,25,26,44,8,114,22.8,5,44,39,2,3,1
584,,2021,,,,0,7,21,31,34,45,17,138,27.6,7,45,38,4,1,0
585,,2021,,,,0,18,23,29,41,42,13,153,30.6,18,42,24,3,2,0
586,,2021,,,,0,6,11,13,16,49,14,95,19.0,6,49,43,3,2,1
587,,2021,,,,0,8,21,23,33,34,19,119,23.8,8,34,26,3,2,0
588,,2021,,,,0,1,12,36,38,41,7,128,25.6,1,41,40,2,3,0
589,,2021,,,,0,17,24,40,44,50,7,175,35.0,17,50,33,1,4,0
590,,2021,,,,0,7,14,20,34,44,11,119,23.8,7,44,37,1,4,0
591,,2021,,,,0,5,8,21,27,30,10,91,18.2,5,30,25,3,2,1
592,,2021,,,,0,3,12,17,37,38,17,107,21.4,3,38,35,3,2,0
593,,2021,,,,0,27,29,36,37,50,12,179,35.8,27,50,23,3,2,1
594,,2021,,,,0,3,9,29,44,48,20,133,26.6,3,48,45,3,2,1
595,,2021,,,,0,3,6,7,17,26,13,59,11.8,3,26,23,3,2,0
596,,2021,,,,0,5,10,17,19,43,16,94,18.8,5,43,38,4,1,1
597,,2021,,,,0,20,30,31,41,49,11,171,34.2,20,49,29,3,2,0
598,,2021,,,,0,9,16,19,29,46,18,119,23.8,9,46,37,3,2,1
599,,2021,,,,0,5,8,40,45,47,15,145,29.0,5,47,42,3,2,0
600,,2021,,,,0,9,13,36,43,49,10,150,30.0,9,49,40,4,1,1
601,,2021,,,,0,12,19,21,28,43,5,123,24.6,12,43,31,3,2,0
602,,2021,,,,0,8,13,26,36,43,5,126,25.2,8,43,35,2,3,0
603,,2021,,,,0,15,20,30,49,50,5,164,32.8,15,50,35,2,3,0
604,,2021,,,,0,6,10,14,21,29,11,80,16.0,6,29,23,2,3,0
605,,2021,,,,0,5,6,17,18,21,6,67,13.4,5,21,16,3,2,1
606,,2021,,,,0,17,18,28,35,48,10,146,29.2,17,48,31,2,3,1
607,,2021,,,,0,16,31,33,42,48,20,170,34.0,16,48,32,2,3,1
608,,2021,,,,0,5,11,30,36,50,18,132,26.4,5,50,45,2,3,1
609,,2021,,,,0,7,17,20,25,29,16,98,19.6,7,29,22,4,1,1
610,,2021,,,,0,4,10,14,29,48,10,105,21.0,4,48,44,1,4,1
611,,2021,,,,0,4,24,38,43,46,17,155,31.0,4,46,42,1,4,0
612,,2021,,,,0,8,12,26,41,42,20,129,25.8,8,42,34,1,4,1
613,,2021,,,,0,1,8,11,27,29,3,76,15.2,1,29,28,4,1,0
614,,2021,,,,0,5,12,19,21,31,3,88,17.6,5,31,26,4,1,0
615,,2021,,,,0,3,11,32,33,50,15,129,25.8,3,50,47,3,2,0
616,,2021,,,,0,2,25,26,34,42,1,129,25.8,2,42,40,1,4,0
617,,2021,,,,0,2,5,14,23,42,11,86,17.2,2,42,40,2,3,0
618,,2021,,,,0,7,25,33,35,39,5,139,27.8,7,39,32,5,0,0
619,,2021,,,,0,15,21,22,43,45,17,146,29.2,15,45,30,4,1,0
620,,2021,,,,0,29,32,33,45,47,15,186,37.2,29,47,18,4,1,0
621,,2021,,,,0,4,16,21,40,45,3,126,25.2,4,45,41,2,3,0
622,,2021,,,,0,15,16,21,22,25,3,99,19.8,15,25,10,3,2,0
623,,2021,,,,0,20,36,37,44,48,16,185,37.0,20,48,28,1,4,1
624,,2021,,,,0,11,20,24,29,31,7,115,23.0,11,31,20,3,2,0
625,,2021,,,,0,5,18,26,35,39,2,123,24.6,5,39,34,3,2,1
626,,2021,,,,0,7,13,44,46,49,2,159,31.8,7,49,42,3,2,1
627,,2021,,,,0,6,14,20,30,33,19,103,20.6,6,33,27,1,4,0
628,,2021,,,,0,15,16,26,29,50,4,136,27.2,15,50,35,2,3,1
629,,2021,,,,0,4,5,37,40,49,2,135,27.0,4,49,45,3,2,1
630,,2021,,,,0,7,8,19,44,50,11,128,25.6,7,50,43,2,3,0
631,,2021,,,,0,16,20,25,39,49,6,149,29.8,16,49,33,3,2,1
632,,2021,,,,0,10,11,20,38,45,9,124,24.8,10,45,35,2,3,0
633,,2021,,,,0,11,19,24,31,47,11,132,26.4,11,47,36,4,1,0
634,,2022,,,,0,10,27,33,35,47,6,152,30.4,10,47,37,4,1,1
635,,2022,,,,0,3,7,13,20,48,20,91,18.2,3,48,45,3,2,1
636,,2022,,,,0,2,4,9,18,28,1,61,12.2,2,28,26,1,4,0
637,,2022,,,,0,6,25,26,32,44,9,133,26.6,6,44,38,1,4,0
638,,2022,,,,0,6,12,19,30,48,4,115,23.0,6,48,42,1,4,1
639,,2022,,,,0,3,24,41,43,50,13,161,32.2,3,50,47,3,2,0
640,,2022,,,,0,10,21,30,39,46,7,146,29.2,10,46,36,2,3,0
641,,2022,,,,0,22,44,47,48,49,10,210,42.0,22,49,27,2,3,1
642,,2022,,,,0,6,12,29,44,49,16,140,28.0,6,49,43,2,3,1
643,,2022,,,,0,7,21,33,34,36,9,131,26.2,7,36,29,3,2,0
644,,2022,,,,0,12,16,40,42,43,8,153,30.6,12,43,31,1,4,1
645,,2022,,,,0,21,22,24,35,43,15,145,29.0,21,43,22,3,2,0
646,,2022,,,,0,2,11,17,22,38,9,90,18.0,2,38,36,2,3,0
647,,2022,,,,0,14,24,29,46,48,20,161,32.2,14,48,34,1,4,1
648,,2022,,,,0,22,33,36,42,43,4,176,35.2,22,43,21,2,3,1
649,,2022,,,,0,4,7,19,31,46,1,107,21.4,4,46,42,3,2,0
650,,2022,,,,0,5,7,22,38,48,12,120,24.0,5,48,43,2,3,1
651,,2022,,,,0,4,17,18,27,45,9,111,22.2,4,45,41,3,2,0
652,,2022,,,,0,6,21,27,34,42,12,130,26.0,6,42,36,2,3,1
653,,2022,,,,0,20,23,27,46,48,6,164,32.8,20,48,28,2,3,1
654,,2022,,,,0,8,15,16,35,49,18,123,24.6,8,49,41,3,2,1
655,,2022,,,,0,9,14,24,32,42,1,121,24.2,9,42,33,1,4,0
656,,2022,,,,0,11,14,27,43,46,3,141,28.2,11,46,35,3,2,0
657,,2022,,,,0,4,26,29,30,40,10,129,25.8,4,40,36,1,4,1
658,,2022,,,,0,9,12,27,37,46,9,131,26.2,9,46,37,3,2,0
659,,2022,,,,0,4,17,18,40,42,16,121,24.2,4,42,38,1,4,1
660,,2022,,,,0,15,22,33,42,43,15,155,31.0,15,43,28,3,2,0
661,,2022,,,,0,16,18,26,29,43,16,132,26.4,16,43,27,2,3,1
662,,2022,,,,0,5,20,37,38,47,10,147,29.4,5,47,42,3,2,1
663,,2022,,,,0,9,17,22,39,42,8,129,25.8,9,42,33,3,2,1
664,,2022,,,,0,9,24,36,38,41,2,148,29.6,9,41,32,2,3,1
665,,2022,,,,0,4,21,36,45,46,7,152,30.4,4,46,42,2,3,0
666,,2022,,,,0,2,6,25,26,44,20,103,20.6,2,44,42,1,4,1
667,,2022,,,,0,2,6,18,31,50,18,107,21.4,2,50,48,1,4,1
668,,2022,,,,0,21,34,38,40,42,16,175,35.0,21,42,21,1,4,1
669,,2022,,,,0,3,5,8,11,35,15,62,12.4,3,35,32,4,1,0
670,,2022,,,,0,11,16,27,45,47,1,146,29.2,11,47,36,4,1,0
671,,2022,,,,0,1,2,11,20,38,8,72,14.4,1,38,37,2,3,1
672,,2022,,,,0,15,16,32,36,38,16,137,27.4,15,38,23,1,4,1
673,,2022,,,,0,4,7,21,23,25,7,80,16.0,4,25,21,4,1,0
674,,2022,,,,0,1,3,21,22,40,3,87,17.4,1,40,39,3,2,0
675,,2022,,,,0,3,32,40,42,48,10,165,33.0,3,48,45,1,4,1
676,,2022,,,,0,6,17,21,33,49,3,126,25.2,6,49,43,4,1,0
677,,2022,,,,0,17,20,25,27,41,6,130,26.0,17,41,24,4,1,1
678,,2022,,,,0,17,20,23,44,47,10,151,30.2,17,47,30,3,2,1
679,,2022,,,,0,17,22,26,31,32,18,128,25.6,17,32,15,2,3,1
680,,2022,,,,0,7,9,14,34,47,2,111,22.2,7,47,40,3,2,1
681,,2022,,,,0,11,12,30,37,42,10,132,26.4,11,42,31,2,3,1
682,,2022,,,,0,2,3,20,26,50,11,101,20.2,2,50,48,1,4,0
683,,2022,,,,0,6,22,34,37,39,8,138,27.6,6,39,33,2,3,1
684,,2022,,,,0,22,27,35,39,48,12,171,34.2,22,48,26,3,2,1
685,,2022,,,,0,23,26,41,44,45,20,179,35.8,23,45,22,3,2,1
686,,2022,,,,0,5,34,36,49,50,20,174,34.8,5,50,45,2,3,1
687,,2022,,,,0,5,19,28,39,49,14,140,28.0,5,49,44,4,1,1
688,,2022,,,,0,11,25,26,31,36,7,129,25.8,11,36,25,3,2,0
689,,2022,,,,0,10,16,31,46,47,13,150,30.0,10,47,37,2,3,0
690,,2022,,,,0,7,13,15,19,32,2,86,17.2,7,32,25,4,1,1
691,,2022,,,,0,14,20,26,37,44,16,141,28.2,14,44,30,1,4,1
692,,2022,,,,0,9,15,26,28,44,19,122,24.4,9,44,35,2,3,0
693,,2022,,,,0,15,18,20,24,48,5,125,25.0,15,48,33,1,4,0
694,,2022,,,,0,1,2,12,18,27,9,60,12.0,1,27,26,2,3,0
695,,2022,,,,0,14,25,33,39,46,11,157,31.4,14,46,32,3,2,0
696,,2022,,,,0,16,32,36,37,48,11,169,33.8,16,48,32,1,4,0
697,,2022,,,,0,2,16,20,25,32,13,95,19.0,2,32,30,1,4,0
698,,2022,,,,0,8,11,12,23,49,13,103,20.6,8,49,41,3,2,0
699,,2022,,,,0,10,11,20,25,28,15,94,18.8,10,28,18,2,3,0
700,,2022,,,,0,20,22,23,31,41,7,137,27.4,20,41,21,3,2,0
701,,2022,,,,0,2,8,45,49,50,11,154,30.8,2,50,48,2,3,0
702,,2022,,,,0,5,9,24,35,39,5,112,22.4,5,39,34,4,1,0
703,,2022,,,,0,5,11,23,35,50,12,124,24.8,5,50,45,4,1,1
704,,2022,,,,0,18,20,39,41,46,15,164,32.8,18,46,28,2,3,0
705,,2022,,,,0,24,30,33,36,45,19,168,33.6,24,45,21,2,3,0
706,,2022,,,,0,1,30,32,40,43,5,146,29.2,1,43,42,2,3,0
707,,2022,,,,0,2,7,31,43,46,17,129,25.8,2,46,44,3,2,0
708,,2022,,,,0,17,25,26,38,47,3,153,30.6,17,47,30,3,2,0
709,,2022,,,,0,1,5,7,15,48,6,76,15.2,1,48,47,4,1,1
710,,2022,,,,0,19,23,27,29,31,11,129,25.8,19,31,12,5,0,0
711,,2022,,,,0,7,8,12,34,40,1,101,20.2,7,40,33,1,4,0
712,,2022,,,,0,30,34,35,41,44,1,184,36.8,30,44,14,2,3,0
713,,2022,,,,0,8,12,26,39,40,17,125,25.0,8,40,32,1,4,0
714,,2022,,,,0,6,15,16,45,46,20,128,25.6,6,46,40,2,3,1
715,,2022,,,,0,12,32,43,46,49,7,182,36.4,12,49,37,2,3,0
716,,2022,,,,0,29,43,45,47,50,15,214,42.8,29,50,21,4,1,0
717,,2022,,,,0,2,10,12,40,46,17,110,22.0,2,46,44,0,5,0
718,,2022,,,,0,13,29,35,36,47,9,160,32.0,13,47,34,4,1,0
719,,2022,,,,0,2,9,22,46,49,18,128,25.6,2,49,47,2,3,1
720,,2022,,,,0,27,32,33,35,48,14,175,35.0,27,48,21,3,2,1
721,,2022,,,,0,19,21,22,35,43,5,140,28.0,19,43,24,4,1,0
722,,2022,,,,0,19,30,32,40,47,20,168,33.6,19,47,28,2,3,1
723,,2022,,,,0,23,44,45,47,50,1,209,41.8,23,50,27,3,2,0
724,,2022,,,,0,11,14,23,26,38,6,112,22.4,11,38,27,2,3,1
725,,2022,,,,0,7,9,32,39,41,19,128,25.6,7,41,34,4,1,0
726,,2022,,,,0,2,10,36,47,49,16,144,28.8,2,49,47,2,3,1
727,,2022,,,,0,1,7,8,12,47,7,75,15.0,1,47,46,3,2,0
728,,2022,,,,0,3,5,10,16,29,12,63,12.6,3,29,26,3,2,1
729,,2022,,,,0,19,32,45,49,50,8,195,39.0,19,50,31,3,2,1
730,,2022,,,,0,4,11,18,19,28,4,80,16.0,4,28,24,2,3,1
731,,2022,,,,0,1,10,16,27,34,18,88,17.6,1,34,33,2,3,1
732,,2022,,,,0,18,22,23,36,45,3,144,28.8,18,45,27,2,3,0
733,,2022,,,,0,7,15,22,34,42,20,120,24.0,7,42,35,2,3,1
734,,2022,,,,0,1,2,17,25,29,4,74,14.8,1,29,28,4,1,1
735,,2022,,,,0,10,17,19,30,35,4,111,22.2,10,35,25,3,2,1
736,,2022,,,,0,25,32,35,41,49,16,182,36.4,25,49,24,4,1,1
737,,2022,,,,0,2,11,23,27,39,12,102,20.4,2,39,37,4,1,1
738,,2023,,,,0,2,6,20,29,32,6,89,17.8,2,32,30,1,4,1
739,,2023,,,,0,1,15,30,39,50,1,135,27.0,1,50,49,3,2,0
740,,2023,,,,0,6,12,25,33,42,2,118,23.6,6,42,36,2,3,1
741,,2023,,,,0,7,8,33,41,43,5,132,26.4,7,43,36,4,1,0
742,,2023,,,,0,5,6,27,37,41,4,116,23.2,5,41,36,4,1,1
743,,2023,,,,0,25,34,36,47,50,14,192,38.4,25,50,25,2,3,1
744,,2023,,,,0,14,28,39,42,46,18,169,33.8,14,46,32,1,4,1
745,,2023,,,,0,8,15,37,46,49,3,155,31.0,8,49,41,3,2,0
746,,2023,,,,0,20,31,34,49,50,16,184,36.8,20,50,30,2,3,1
747,,2023,,,,0,4,9,12,27,37,15,89,17.8,4,37,33,3,2,0
748,,2023,,,,0,11,19,20,41,47,20,138,27.6,11,47,36,4,1,1
749,,2023,,,,0,5,14,19,24,26,13,88,17.6,5,26,21,2,3,0
750,,2023,,,,0,12,20,36,39,50,4,157,31.4,12,50,38,1,4,1
751,,2023,,,,0,14,22,23,36,50,9,145,29.0,14,50,36,1,4,0
752,,2023,,,,0,3,9,14,16,41,13,83,16.6,3,41,38,3,2,0
753,,2023,,,,0,1,6,7,28,34,17,76,15.2,1,34,33,2,3,0
754,,2023,,,,0,10,13,25,27,30,13,105,21.0,10,30,20,3,2,0
755,,2023,,,,0,2,5,14,18,43,7,82,16.4,2,43,41,2,3,0
756,,2023,,,,0,3,21,29,47,48,7,148,29.6,3,48,45,4,1,0
757,,2023,,,,0,12,33,37,47,50,13,179,35.8,12,50,38,3,2,0
758,,2023,,,,0,8,14,41,49,50,2,162,32.4,8,50,42,2,3,1
759,,2023,,,,0,18,23,25,26,31,7,123,24.6,18,31,13,3,2,0
760,,2023,,,,0,35,38,40,44,46,1,203,40.6,35,46,11,1,4,0
761,,2023,,,,0,1,11,24,39,42,9,117,23.4,1,42,41,3,2,0
762,,2023,,,,0,26,31,32,43,46,17,178,35.6,26,46,20,2,3,0
763,,2023,,,,0,1,4,18,26,43,9,92,18.4,1,43,42,2,3,0
764,,2023,,,,0,16,34,37,48,49,9,184,36.8,16,49,33,2,3,0
765,,2023,,,,0,8,9,20,34,43,16,114,22.8,8,43,35,2,3,1
766,,2023,,,,0,4,25,29,36,42,7,136,27.2,4,42,38,2,3,0
767,,2023,,,,0,15,18,30,36,37,16,136,27.2,15,37,22,2,3,1
768,,2023,,,,0,1,12,30,31,37,16,111,22.2,1,37,36,3,2,1
769,,2023,,,,0,10,20,23,42,50,11,145,29.0,10,50,40,1,4,0
770,,2023,,,,0,10,18,22,33,49,11,132,26.4,10,49,39,2,3,0
771,,2023,,,,0,10,12,13,15,37,20,87,17.4,10,37,27,3,2,1
772,,2023,,,,0,3,16,18,19,44,1,100,20.0,3,44,41,2,3,0
773,,2023,,,,0,11,21,22,41,44,12,139,27.8,11,44,33,3,2,1
774,,2023,,,,0,4,26,37,40,45,4,152,30.4,4,45,41,2,3,1
775,,2023,,,,0,13,15,35,36,37,13,136,27.2,13,37,24,4,1,0
776,,2023,,,,0,1,6,35,39,43,11,124,24.8,1,43,42,4,1,0
777,,2023,,,,0,5,9,15,28,29,18,86,17.2,5,29,24,4,1,1
778,,2023,,,,0,3,18,19,30,33,15,103,20.6,3,33,30,3,2,0
779,,2023,,,,0,2,12,28,33,44,2,119,23.8,2,44,42,1,4,1
780,,2023,,,,0,4,5,27,34,42,4,112,22.4,4,42,38,2,3,1
781,,2023,,,,0,3,11,12,28,33,12,87,17.4,3,33,30,3,2,1
782,,2023,,,,0,6,12,25,27,34,18,104,20.8,6,34,28,2,3,1
783,,2023,,,,0,15,30,37,39,48,5,169,33.8,15,48,33,3,2,0
784,,2023,,,,0,23,30,33,38,49,20,173,34.6,23,49,26,3,2,1
785,,2023,,,,0,2,3,18,32,43,3,98,19.6,2,43,41,2,3,0
786,,2023,,,,0,4,21,26,38,40,20,129,25.8,4,40,36,1,4,1
787,,2023,,,,0,6,12,13,27,34,20,92,18.4,6,34,28,2,3,1
788,,2023,,,,0,20,22,25,39,45,12,151,30.2,20,45,25,3,2,1
789,,2023,,,,0,13,21,22,35,46,9,137,27.4,13,46,33,3,2,0
790,,2023,,,,0,5,25,30,49,50,3,159,31.8,5,50,45,3,2,0
791,,2023,,,,0,1,28,33,34,38,11,134,26.8,1,38,37,2,3,0
792,,2023,,,,0,5,29,39,43,45,19,161,32.2,5,45,40,5,0,0
793,,2023,,,,0,5,17,30,44,45,20,141,28.2,5,45,40,3,2,1
794,,2023,,,,0,6,21,25,27,50,8,129,25.8,6,50,44,3,2,1
795,,2023,,,,0,13,20,34,36,44,8,147,29.4,13,44,31,1,4,1
796,,2023,,,,0,4,9,10,22,44,7,89,17.8,4,44,40,1,4,0
797,,2023,,,,0,3,22,25,31,34,7,115,23.0,3,34,31,3,2,0
798,,2023,,,,0,2,12,30,35,44,12,123,24.6,2,44,42,1,4,1
799,,2023,,,,0,1,4,20,23,42,17,90,18.0,1,42,41,2,3,0
800,,2023,,,,0,3,15,20,23,44,5,105,21.0,3,44,41,3,2,0
801,,2023,,,,0,28,39,44,48,49,8,208,41.6,28,49,21,2,3,1
802,,2023,,,,0,4,6,12,18,28,3,68,13.6,4,28,24,0,5,0
803,,2023,,,,0,1,11,12,33,34,13,91,18.2,1,34,33,3,2,0
804,,2023,,,,0,8,11,24,27,50,4,120,24.0,8,50,42,2,3,1
805,,2023,,,,0,3,12,17,19,23,5,74,14.8,3,23,20,4,1,0
806,,2023,,,,0,9,19,21,23,28,11,100,20.0,9,28,19,4,1,0
807,,2023,,,,0,7,14,40,45,47,2,153,30.6,7,47,40,3,2,1
808,,2023,,,,0,12,26,36,38,48,1,160,32.0,12,48,36,0,5,0
809,,2023,,,,0,16,17,29,39,48,20,149,29.8,16,48,32,3,2,1
810,,2023,,,,0,1,8,10,20,42,1,81,16.2,1,42,41,1,4,0
811,,2023,,,,0,7,35,38,40,44,5,164,32.8,7,44,37,2,3,0
812,,2023,,,,0,1,4,14,15,19,17,53,10.6,1,19,18,3,2,0
813,,2023,,,,0,2,3,25,40,48,7,118,23.6,2,48,46,2,3,0
814,,2023,,,,0,21,23,24,39,43,1,150,30.0,21,43,22,4,1,0
815,,2023,,,,0,12,30,42,43,46,19,173,34.6,12,46,34,1,4,0
816,,2023,,,,0,12,15,35,45,48,16,155,31.0,12,48,36,3,2,1
817,,2023,,,,0,1,6,21,35,47,17,110,22.0,1,47,46,4,1,0
818,,2023,,,,0,15,18,19,42,49,17,143,28.6,15,49,34,3,2,0
819,,2023,,,,0,8,34,44,48,49,14,183,36.6,8,49,41,1,4,1
820,,2023,,,,0,25,27,29,30,39,15,150,30.0,25,39,14,4,1,0
821,,2023,,,,0,3,12,19,42,48,4,124,24.8,3,48,45,2,3,1
822,,2023,,,,0,1,22,23,31,32,3,109,21.8,1,32,31,3,2,0
823,,2023,,,,0,2,3,18,33,34,15,90,18.0,2,34,32,2,3,0
824,,2023,,,,0,1,6,15,19,46,20,87,17.4,1,46,45,3,2,1
825,,2023,,,,0,11,19,21,32,47,9,130,26.0,11,47,36,4,1,0
826,,2023,,,,0,8,17,24,38,46,18,133,26.6,8,46,38,1,4,1
827,,2023,,,,0,8,11,19,30,50,15,118,23.6,8,50,42,2,3,0
828,,2023,,,,0,3,24,26,38,48,10,139,27.8,3,48,45,1,4,1
829,,2023,,,,0,4,6,14,22,47,5,93,18.6,4,47,43,1,4,0
830,,2023,,,,0,4,6,20,21,46,12,97,19.4,4,46,42,1,4,1
831,,2023,,,,0,6,17,25,30,39,11,117,23.4,6,39,33,3,2,0
832,,2023,,,,0,1,11,12,13,34,16,71,14.2,1,34,33,3,2,1
833,,2023,,,,0,17,20,23,24,31,11,115,23.0,17,31,14,3,2,0
834,,2023,,,,0,6,17,33,34,49,7,139,27.8,6,49,43,3,2,0
835,,2023,,,,0,19,22,36,43,46,5,166,33.2,19,46,27,2,3,0
836,,2023,,,,0,5,10,25,29,46,15,115,23.0,5,46,41,3,2,0
837,,2023,,,,0,6,15,31,41,43,8,136,27.2,6,43,37,4,1,1
838,,2023,,,,0,4,18,26,41,47,9,136,27.2,4,47,43,2,3,0
839,,2023,,,,0,8,16,21,24,50,1,119,23.8,8,50,42,1,4,0
840,,2023,,,,0,13,19,24,39,45,16,140,28.0,13,45,32,4,1,1
841,,2023,,,,0,15,16,30,36,40,6,137,27.4,15,40,25,1,4,1
842,,2024,,,,0,8,9,11,29,44,20,101,20.2,8,44,36,3,2,1
843,,2024,,,,0,3,6,18,26,32,15,85,17.0,3,32,29,1,4,0
844,,2024,,,,0,15,17,25,34,42,1,133,26.6,15,42,27,3,2,0
845,,2024,,,,0,4,21,24,29,39,18,117,23.4,4,39,35,3,2,1
846,,2024,,,,0,21,25,37,46,48,17,177,35.4,21,48,27,3,2,0
847,,2024,,,,0,6,7,16,41,46,14,116,23.2,6,46,40,2,3,1
848,,2024,,,,0,12,20,25,48,49,20,154,30.8,12,49,37,2,3,1
849,,2024,,,,0,8,14,15,38,50,11,125,25.0,8,50,42,1,4,0
850,,2024,,,,0,4,11,39,42,43,16,139,27.8,4,43,39,3,2,1
851,,2024,,,,0,8,28,44,46,49,5,175,35.0,8,49,41,1,4,0
852,,2024,,,,0,2,21,39,42,43,11,147,29.4,2,43,41,3,2,0
853,,2024,,,,0,10,19,21,26,32,8,108,21.6,10,32,22,2,3,1
854,,2024,,,,0,1,3,7,31,38,3,80,16.0,1,38,37,4,1,0
855,,2024,,,,0,12,13,25,37,43,18,130,26.0,12,43,31,4,1,1
856,,2024,,,,0,5,7,13,23,44,11,92,18.4,5,44,39,4,1,0
857,,2024,,,,0,14,22,27,38,46,14,147,29.4,14,46,32,1,4,1
858,,2024,,,,0,32,33,38,45,46,14,194,38.8,32,46,14,2,3,1
859,,2024,,,,0,10,16,29,37,44,16,136,27.2,10,44,34,2,3,1
860,,2024,,,,0,4,8,41,47,50,10,150,30.0,4,50,46,2,3,1
861,,2024,,,,0,22,26,29,33,35,7,145,29.0,22,35,13,3,2,0
862,,2024,,,,0,2,12,27,45,48,16,134,26.8,2,48,46,2,3,1
863,,2024,,,,0,3,6,29,32,44,19,114,22.8,3,44,41,2,3,0
864,,2024,,,,0,1,14,19,29,48,15,111,22.2,1,48,47,3,2,0
865,,2024,,,,0,19,22,23,28,30,11,122,24.4,19,30,11,2,3,0
866,,2024,,,,0,9,24,35,41,46,15,155,31.0,9,46,37,3,2,0
867,,2024,,,,0,16,29,39,42,47,11,173,34.6,16,47,31,3,2,0
868,,2024,,,,0,5,10,15,31,37,9,98,19.6,5,37,32,4,1,0
869,,2024,,,,0,5,11,18,19,21,10,74,14.8,5,21,16,4,1,1
870,,2024,,,,0,9,20,31,36,39,15,135,27.0,9,39,30,3,2,0
871,,2024,,,,0,10,11,16,20,40,13,97,19.4,10,40,30,1,4,0
872,,2024,,,,0,4,16,19,30,49,19,118,23.6,4,49,45,2,3,0
873,,2024,,,,0,1,5,18,22,50,17,96,19.2,1,50,49,2,3,0
874,,2024,,,,0,1,2,18,34,38,9,93,18.6,1,38,37,1,4,0
875,,2024,,,,0,37,40,42,43,48,6,210,42.0,37,48,11,2,3,1
876,,2024,,,,0,14,15,19,30,48,4,126,25.2,14,48,34,2,3,1
877,,2024,,,,0,12,13,24,47,50,14,146,29.2,12,50,38,2,3,1
878,,2024,,,,0,8,32,33,37,46,10,156,31.2,8,46,38,2,3,1
879,,2024,,,,0,10,13,33,37,44,12,137,27.4,10,44,34,3,2,1
880,,2024,,,,0,4,6,16,22,43,13,91,18.2,4,43,39,1,4,0
881,,2024,,,,0,2,19,21,34,47,15,123,24.6,2,47,45,3,2,0
882,,2024,,,,0,9,10,22,40,49,12,130,26.0,9,49,40,2,3,1
883,,2024,,,,0,7,13,14,23,30,14,87,17.4,7,30,23,3,2,1
884,,2024,,,,0,4,15,18,21,28,18,86,17.2,4,28,24,2,3,1
885,,2024,,,,0,15,19,38,43,46,6,161,32.2,15,46,31,3,2,1
886,,2024,,,,0,8,10,32,33,48,13,131,26.2,8,48,40,1,4,0
887,,2024,,,,0,9,26,33,46,48,11,162,32.4,9,48,39,2,3,0
888,,2024,,,,0,25,39,46,47,49,10,206,41.2,25,49,24,4,1,1
889,,2024,,,,0,8,14,29,32,40,7,123,24.6,8,40,32,1,4,0
890,,2024,,,,0,7,10,24,25,30,15,96,19.2,7,30,23,2,3,0
891,,2024,,,,0,2,9,20,25,42,13,98,19.6,2,42,40,2,3,0
892,,2024,,,,0,12,15,20,21,38,10,106,21.2,12,38,26,2,3,1
893,,2024,,,,0,7,18,34,39,42,16,140,28.0,7,42,35,2,3,1
894,,2024,,,,0,3,20,22,23,38,17,106,21.2,3,38,35,2,3,0
895,,2024,,,,0,1,15,21,30,47,4,114,22.8,1,47,46,4,1,1
896,,2024,,,,0,11,15,18,26,39,16,109,21.8,11,39,28,3,2,1
897,,2024,,,,0,5,14,21,34,36,5,110,22.0,5,36,31,2,3,0
898,,2024,,,,0,14,29,38,43,44,9,168,33.6,14,44,30,2,3,0
899,,2024,,,,0,13,15,29,39,41,17,137,27.4,13,41,28,5,0,0
900,,2024,,,,0,7,19,24,30,40,12,120,24.0,7,40,33,2,3,1
901,,2024,,,,0,2,17,24,31,47,11,121,24.2,2,47,45,3,2,0
902,,2024,,,,0,7,34,37,43,46,12,167,33.4,7,46,39,3,2,1
903,,2024,,,,0,11,12,32,34,46,8,135,27.0,11,46,35,1,4,1
904,,2024,,,,0,1,2,11,16,50,18,80,16.0,1,50,49,2,3,1
905,,2024,,,,0,8,11,23,30,45,19,117,23.4,8,45,37,3,2,0
906,,2024,,,,0,9,20,25,45,46,9,145,29.0,9,46,37,3,2,0
907,,2024,,,,0,4,29,33,34,38,13,138,27.6,4,38,34,2,3,0
908,,2024,,,,0,1,4,22,42,45,11,114,22.8,1,45,44,2,3,0
909,,2024,,,,0,19,28,35,36,44,12,162,32.4,19,44,25,2,3,1
910,,2024,,,,0,9,17,32,34,37,12,129,25.8,9,37,28,3,2,1
911,,2024,,,,0,6,13,31,33,46,4,129,25.8,6,46,40,3,2,1
912,,2024,,,,0,8,12,14,18,50,20,102,20.4,8,50,42,0,5,1
913,,2024,,,,0,1,4,14,15,33,15,67,13.4,1,33,32,3,2,0
914,,2024,,,,0,1,4,33,36,41,5,115,23.0,1,41,40,3,2,0
915,,2024,,,,0,7,18,21,31,47,5,124,24.8,7,47,40,4,1,0
916,,2024,,,,0,19,29,31,34,45,17,158,31.6,19,45,26,4,1,0
917,,2024,,,,0,8,10,19,28,32,15,97,19.4,8,32,24,1,4,0
918,,2024,,,,0,9,14,18,28,30,18,99,19.8,9,30,21,1,4,1
919,,2024,,,,0,2,17,29,30,36,2,114,22.8,2,36,34,2,3,1
920,,2024,,,,0,16,21,22,29,38,19,126,25.2,16,38,22,2,3,0
921,,2024,,,,0,2,10,15,26,29,1,82,16.4,2,29,27,2,3,0
922,,2024,,,,0,9,15,25,43,47,8,139,27.8,9,47,38,5,0,1
923,,2024,,,,0,26,29,32,41,50,20,178,35.6,26,50,24,2,3,1
924,,2024,,,,0,6,20,37,44,48,20,155,31.0,6,48,42,1,4,1
925,,2024,,,,0,16,22,24,31,46,8,139,27.8,16,46,30,1,4,1
926,,2024,,,,0,2,17,20,31,33,11,103,20.6,2,33,31,3,2,0
927,,2024,,,,0,9,14,28,37,43,20,131,26.2,9,43,34,3,2,1
928,,2024,,,,0,4,8,11,49,50,14,122,24.4,4,50,46,2,3,1
929,,2024,,,,0,12,24,40,42,49,14,167,33.4,12,49,37,1,4,1
930,,2024,,,,0,3,7,15,18,38,1,81,16.2,3,38,35,3,2,0
931,,2024,,,,0,14,16,22,34,46,11,132,26.4,14,46,32,0,5,0
932,,2024,,,,0,5,18,19,36,49,19,127,25.4,5,49,44,3,2,0
933,,2024,,,,0,2,3,6,11,44,12,66,13.2,2,44,42,2,3,1
934,,2024,,,,0,14,26,32,38,40,13,150,30.0,14,40,26,0,5,0
935,,2024,,,,0,6,20,38,44,46,8,154,30.8,6,46,40,0,5,1
936,,2024,,,,0,2,22,23,46,49,19,142,28.4,2,49,47,2,3,0
937,,2024,,,,0,6,25,33,36,38,17,138,27.6,6,38,32,2,3,0
938,,2024,,,,0,6,23,27,29,45,16,130,26.0,6,45,39,4,1,1
939,,2024,,,,0,18,25,32,33,47,16,155,31.0,18,47,29,3,2,1
940,,2024,,,,0,10,13,17,18,20,17,78,15.6,10,20,10,2,3,0
941,,2024,,,,0,7,22,26,36,44,12,135,27.0,7,44,37,1,4,1
942,,2024,,,,0,5,7,22,25,50,3,109,21.8,5,50,45,3,2,0
943,,2024,,,,0,8,10,14,41,50,9,123,24.6,8,50,42,1,4,0
944,,2024,,,,0,6,15,34,35,45,17,135,27.0,6,45,39,3,2,0
945,,2024,,,,0,1,6,16,37,45,6,105,21.0,1,45,44,3,2,1
946,,2024,,,,0,1,6,20,27,46,13,100,20.0,1,46,45,2,3,0
947,,2025,,,,0,1,10,12,34,37,17,94,18.8,1,37,36,2,3,0
948,,2025,,,,0,19,31,37,42,43,6,172,34.4,19,43,24,4,1,1
949,,2025,,,,0,1,11,18,23,37,3,90,18.0,1,37,36,4,1,0
950,,2025,,,,0,1,14,17,31,49,2,112,22.4,1,49,48,4,1,1
951,,2025,,,,0,2,16,19,27,42,17,106,21.2,2,42,40,2,3,0
952,,2025,,,,0,17,38,45,46,50,16,196,39.2,17,50,33,2,3,1
953,,2025,,,,0,10,16,20,41,49,7,136,27.2,10,49,39,2,3,0
954,,2025,,,,0,6,8,13,37,45,7,109,21.8,6,45,39,3,2,0
955,,2025,,,,0,14,26,36,42,49,16,167,33.4,14,49,35,1,4,1
956,,2025,,,,0,7,19,22,42,47,4,137,27.4,7,47,40,3,2,1
957,,2025,,,,0,2,11,14,22,41,9,90,18.0,2,41,39,2,3,0
958,,2025,,,,0,3,8,19,29,46,19,105,21.0,3,46,43,3,2,0
959,,2025,,,,0,7,20,21,35,45,10,128,25.6,7,45,38,4,1,1
960,,2025,,,,0,4,12,24,40,49,4,129,25.8,4,49,45,1,4,1
961,,2025,,,,0,16,21,30,34,47,18,148,29.6,16,47,31,2,3,1
962,,2025,,,,0,2,20,28,34,45,3,129,25.8,2,45,43,1,4,0
963,,2025,,,,0,4,6,15,20,50,3,95,19.0,4,50,46,1,4,0
964,,2025,,,,0,2,4,5,19,31,15,61,12.2,2,31,29,3,2,0
965,,2025,,,,0,15,16,37,43,44,11,155,31.0,15,44,29,3,2,0
966,,2025,,,,0,2,9,19,22,24,19,76,15.2,2,24,22,2,3,0
967,,2025,,,,0,4,7,11,24,39,3,85,17.0,4,39,35,3,2,0
968,,2025,,,,0,2,26,30,42,47,3,147,29.4,2,47,45,1,4,0
969,,2025,,,,0,14,23,31,33,38,7,139,27.8,14,38,24,3,2,0
970,,2025,,,,0,2,5,32,40,45,9,124,24.8,2,45,43,2,3,0
971,,2025,,,,0,13,14,29,48,49,18,153,30.6,13,49,36,3,2,1
972,,2025,,,,0,13,17,27,37,50,12,144,28.8,13,50,37,4,1,1
973,,2025,,,,0,2,3,10,14,33,18,62,12.4,2,33,31,2,3,1
974,,2025,,,,0,29,31,41,46,47,13,194,38.8,29,47,18,4,1,0
975,,2025,,,,0,9,14,25,28,36,10,112,22.4,9,36,27,2,3,1
976,,2025,,,,0,5,13,31,42,46,6,137,27.4,5,46,41,3,2,1
977,,2025,,,,0,4,10,15,29,43,16,101,20.2,4,43,39,3,2,1
978,,2025,,,,0,6,25,41,42,46,18,160,32.0,6,46,40,2,3,1
979,,2025,,,,0,3,4,35,37,38,10,117,23.4,3,38,35,3,2,1
980,,2025,,,,0,11,14,18,36,43,14,122,24.4,11,43,32,2,3,1
981,,2025,,,,0,21,22,26,38,43,12,150,30.0,21,43,22,2,3,1
982,,2025,,,,0,4,6,27,30,44,9,111,22.2,4,44,40,1,4,0
983,,2025,,,,0,7,27,34,44,47,4,159,31.8,7,47,40,3,2,1
984,,2025,,,,0,1,5,26,28,43,11,103,20.6,1,43,42,3,2,0
985,,2025,,,,0,4,10,30,48,49,8,141,28.2,4,49,45,1,4,1
986,,2025,,,,0,1,17,23,32,48,16,121,24.2,1,48,47,3,2,1
987,,2025,,,,0,14,17,33,43,46,2,153,30.6,14,46,32,3,2,1
988,,2025,,,,0,6,14,19,28,41,3,108,21.6,6,41,35,2,3,0
989,,2025,,,,0,6,14,19,31,49,7,119,23.8,6,49,43,3,2,0
990,,2025,,,,0,16,30,37,38,39,4,160,32.0,16,39,23,2,3,1
991,,2025,,,,0,27,29,30,43,46,20,175,35.0,27,46,19,3,2,1
992,,2025,,,,0,11,20,21,37,50,8,139,27.8,11,50,39,3,2,1
993,,2025,,,,0,13,15,16,27,43,18,114,22.8,13,43,30,4,1,1
994,,2025,,,,0,11,18,26,29,38,16,122,24.4,11,38,27,2,3,1
995,,2025,,,,0,3,32,37,42,50,3,164,32.8,3,50,47,2,3,0
996,,2025,,,,0,1,7,14,18,20,18,60,12.0,1,20,19,2,3,1
997,,2025,,,,0,10,11,16,32,40,1,109,21.8,10,40,30,1,4,0
998,,2025,,,,0,2,3,5,20,41,9,71,14.2,2,41,39,3,2,0
999,,2025,,,,0,9,14,28,39,49,10,139,27.8,9,49,40,3,2,1
1000,,2025,,,,0,5,9,16,20,32,10,82,16.4,5,32,27,2,3,1
1001,,2025,,,,0,8,11,13,20,48,14,100,20.0,8,48,40,2,3,1
1002,,2025,,,,0,1,12,16,41,50,2,120,24.0,1,50,49,2,3,1
1003,,2025,,,,0,4,5,9,29,38,15,85,17.0,4,38,34,3,2,0
1004,,2025,,,,0,5,7,9,18,20,1,59,11.8,5,20,15,3,2,0
1005,,2025,,,,0,3,7,17,25,28,19,80,16.0,3,28,25,4,1,0
1006,,2025,,,,0,2,24,27,30,34,15,117,23.4,2,34,32,1,4,0
1007,,2025,,,,0,1,17,21,23,34,17,96,19.2,1,34,33,4,1,0
1008,,2025,,,,0,1,2,7,43,45,2,98,19.6,1,45,44,4,1,1
1009,,2025,,,,0,22,25,26,30,50,17,153,30.6,22,50,28,1,4,0
1010,,2025,,,,0,1,2,16,25,34,6,78,15.6,1,34,33,2,3,1
1011,,2025,,,,0,9,22,25,33,42,3,131,26.2,9,42,33,3,2,0
1012,,2025,,,,0,7,15,19,27,30,4,98,19.6,7,30,23,4,1,1
1013,,2025,,,,0,1,2,7,14,44,5,68,13.6,1,44,43,2,3,0
1014,,2025,,,,0,3,5,24,32,47,17,111,22.2,3,47,44,3,2,0
1015,,2025,,,,0,15,17,26,34,38,13,130,26.0,15,38,23,2,3,0
1016,,2025,,,,0,5,9,15,21,32,17,82,16.4,5,32,27,4,1,0
1017,,2025,,,,0,5,9,19,25,43,8,101,20.2,5,43,38,5,0,1
1018,,2025,,,,0,8,15,17,22,32,1,94,18.8,8,32,24,2,3,0
1019,,2025,,,,0,4,9,30,38,50,17,131,26.2,4,50,46,1,4,0
1020,,2025,,,,0,5,13,15,30,39,13,102,20.4,5,39,34,4,1,0
1021,,2025,,,,0,4,18,34,42,50,13,148,29.6,4,50,46,0,5,0
1022,,2025,,,,0,10,14,25,42,50,18,141,28.2,10,50,40,1,4,1
1023,,2025,,,,0,7,14,40,41,45,7,147,29.4,7,45,38,3,2,0
1024,,2025,,,,0,1,10,23,25,44,13,103,20.6,1,44,43,3,2,0
1025,,2025,,,,0,16,33,35,37,40,12,161,32.2,16,40,24,3,2,1
1026,,2025,,,,0,1,14,15,25,39,9,94,18.8,1,39,38,4,1,0
1027,,2025,,,,0,3,22,27,43,50,7,145,29.0,3,50,47,3,2,0
1028,,2025,,,,0,2,19,27,29,42,7,119,23.8,2,42,40,3,2,0
1029,,2025,,,,0,9,22,26,29,49,11,135,27.0,9,49,40,3,2,0
1030,,2025,,,,0,2,8,12,30,31,2,83,16.6,2,31,29,1,4,1
1031,,2025,,,,0,12,18,29,31,34,9,124,24.8,12,34,22,2,3,0
1032,,2025,,,,0,12,13,29,41,47,4,142,28.4,12,47,35,4,1,1
1033,,2025,,,,0,17,25,28,34,39,20,143,28.6,17,39,22,3,2,1
1034,,2025,,,,0,17,19,25,27,40,3,128,25.6,17,40,23,4,1,0
1035,,2025,,,,0,1,8,11,21,42,18,83,16.6,1,42,41,3,2,1
1036,,2025,,,,0,12,21,22,28,39,18,122,24.4,12,39,27,2,3,1
1037,,2025,,,,0,8,24,26,40,50,1,148,29.6,8,50,42,0,5,0
1038,,2025,,,,0,9,12,29,32,41,18,123,24.6,9,41,32,3,2,1
1039,,2025,,,,0,15,16,17,32,42,19,122,24.4,15,42,27,2,3,0
1040,,2025,,,,0,13,16,23,35,47,16,134,26.8,13,47,34,4,1,1
1041,,2025,,,,0,14,19,29,35,40,16,137,27.4,14,40,26,3,2,1
1042,,2025,,,,0,11,27,29,36,48,2,151,30.2,11,48,37,3,2,1
1043,,2025,,,,0,4,10,43,45,46,13,148,29.6,4,46,42,2,3,0
1044,,2025,,,,0,16,27,30,40,41,14,154,30.8,16,41,25,2,3,1
1045,,2025,,,,0,8,31,36,39,43,17,157,31.4,8,43,35,3,2,0
1046,,2025,,,,0,15,38,45,46,50,16,194,38.8,15,50,35,2,3,1
1047,,2025,,,,0,8,21,26,27,49,4,131,26.2,8,49,41,3,2,1
1048,,2025,,,,0,9,23,32,40,48,12,152,30.4,9,48,39,2,3,1
1049,,2025,,,,0,14,28,33,36,50,18,161,32.2,14,50,36,1,4,1
1050,,2025,,,,0,7,8,24,39,44,13,122,24.4,7,44,37,2,3,0
1051,2026-01-02,2026,1,2,4,0,2,22,29,36,43,3,132,26.4,2,43,41,2,3,0
1052,2026-01-06,2026,1,6,1,0,8,17,24,29,41,8,119,23.8,8,41,33,3,2,1
1053,2026-01-09,2026,1,9,4,0,13,14,27,38,42,12,134,26.8,13,42,29,2,3,1
1054,2026-01-13,2026,1,13,1,0,1,2,11,15,42,13,71,14.2,1,42,41,3,2,0
1055,2026-01-16,2026,1,16,4,0,3,24,29,32,34,18,122,24.4,3,34,31,2,3,1
1056,2026-01-20,2026,1,20,1,0,1,5,7,15,40,4,68,13.6,1,40,39,4,1,1
1057,2026-01-23,2026,1,23,4,0,3,16,18,23,42,20,102,20.4,3,42,39,2,3,1
1058,2026-01-27,2026,1,27,1,0,14,23,31,44,49,9,161,32.2,14,49,35,3,2,0
1059,2026-01-30,2026,1,30,4,0,2,9,14,35,42,9,102,20.4,2,42,40,2,3,0
1060,2026-02-03,2026,2,3,1,0,1,10,26,27,40,5,104,20.8,1,40,39,2,3,0
1061,2026-02-06,2026,2,6,4,0,2,6,35,36,46,2,125,25.0,2,46,44,1,4,1
1062,2026-02-10,2026,2,10,1,0,4,20,37,41,42,11,144,28.8,4,42,38,2,3,0
1063,2026-02-13,2026,2,13,4,0,6,20,24,30,34,11,114,22.8,6,34,28,0,5,0
1064,2026-02-17,2026,2,17,1,0,23,24,30,41,43,5,161,32.2,23,43,20,3,2,0
1065,2026-02-20,2026,2,20,4,0,7,8,23,36,41,17,115,23.0,7,41,34,3,2,0
1066,2026-02-24,2026,2,24,1,0,9,14,39,41,48,10,151,30.2,9,48,39,3,2,1
1067,2026-02-27,2026,2,27,4,0,27,31,36,37,43,4,174,34.8,27,43,16,4,1,1
1068,2026-03-03,2026,3,3,1,0,4,21,29,45,48,6,147,29.4,4,48,44,3,2,1
1069,2026-03-06,2026,3,6,4,0,15,21,25,44,49,1,154,30.8,15,49,34,4,1,0
1070,2026-03-10,2026,3,10,1,0,2,23,27,32,49,11,133,26.6,2,49,47,3,2,0
1071,2026-03-13,2026,3,13,4,0,9,14,23,34,36,20,116,23.2,9,36,27,2,3,1
1072,2026-03-17,2026,3,17,1,0,7,9,10,31,34,4,91,18.2,7,34,27,3,2,1
1073,2026-03-20,2026,3,20,4,0,12,18,28,40,45,15,143,28.6,12,45,33,1,4,0
1074,2026-03-24,2026,3,24,1,0,7,15,19,31,44,20,116,23.2,7,44,37,4,1,1
1075,2026-03-27,2026,3,27,4,0,1,7,11,27,32,1,78,15.6,1,32,31,4,1,0
1076,2026-03-31,2026,3,31,1,0,4,5,10,16,42,12,77,15.4,4,42,38,1,4,1
1077,2026-04-03,2026,4,3,4,0,16,20,21,24,25,6,106,21.2,16,25,9,2,3,1
1078,2026-04-07,2026,4,7,1,0,22,29,30,43,46,9,170,34.0,22,46,24,2,3,0
1079,2026-04-10,2026,4,10,4,0,8,10,14,23,36,13,91,18.2,8,36,28,1,4,0
1080,2026-04-14,2026,4,14,1,0,4,17,20,23,50,1,114,22.8,4,50,46,2,3,0
1081,2026-04-17,2026,4,17,4,0,8,36,43,44,48,3,179,35.8,8,48,40,1,4,0
1082,2026-04-21,2026,4,21,1,0,1,7,16,31,36,7,91,18.2,1,36,35,3,2,0
1083,2026-04-24,2026,4,24,4,0,1,18,32,35,47,6,133,26.6,1,47,46,3,2,1
1084,2026-04-28,2026,4,28,1,0,6,10,13,24,26,2,79,15.8,6,26,20,1,4,1
1085,2026-05-01,2026,5,1,4,0,7,8,33,38,45,13,131,26.2,7,45,38,3,2,0
1086,2026-05-05,2026,5,5,1,0,19,37,39,40,45,3,180,36.0,19,45,26,4,1,0
1087,2026-05-08,2026,5,8,4,0,13,17,28,41,47,19,146,29.2,13,47,34,4,1,0
1088,2026-05-12,2026,5,12,1,0,19,20,29,35,44,6,147,29.4,19,44,25,3,2,1
1089,2026-05-15,2026,5,15,4,0,17,21,25,35,37,11,135,27.0,17,37,20,5,0,0
1090,2026-05-19,2026,5,19,1,0,5,21,23,41,43,11,133,26.6,5,43,38,5,0,0
1091,2026-05-22,2026,5,22,4,0,10,11,15,22,48,5,106,21.2,10,48,38,2,3,0
1092,2026-05-26,2026,5,26,1,0,13,27,29,36,37,10,142,28.4,13,37,24,4,1,1
1093,2026-05-29,2026,5,29,4,0,14,17,22,27,36,20,116,23.2,14,36,22,2,3,1
1094,2026-06-02,2026,6,2,1,0,4,12,27,35,41,15,119,23.8,4,41,37,3,2,0
1095,2026-06-05,2026,6,5,4,0,2,23,44,48,50,14,167,33.4,2,50,48,1,4,1
1096,2026-06-09,2026,6,9,1,0,19,32,40,45,48,11,184,36.8,19,48,29,2,3,0
1097,2026-06-12,2026,6,12,4,0,3,9,32,42,46,1,132,26.4,3,46,43,2,3,0
1098,2026-06-16,2026,6,16,1,0,5,12,17,20,43,1,97,19.4,5,43,38,3,2,0
1099,2026-06-19,2026,6,19,4,0,7,23,26,38,46,15,140,28.0,7,46,39,2,3,0
1100,2026-06-23,2026,6,23,1,0,3,25,27,39,40,4,134,26.8,3,40,37,4,1,1
1101,2026-06-26,2026,6,26,4,0,16,20,31,33,47,8,147,29.4,16,47,31,3,2,1
1102,2026-06-30,2026,6,30,1,0,8,14,16,25,44,15,107,21.4,8,44,36,1,4,0
1103,2026-07-03,2026,7,3,4,0,5,21,39,46,47,12,158,31.6,5,47,42,4,1,1
1104,2026-07-07,2026,7,7,1,0,16,29,32,45,47,2,169,33.8,16,47,31,3,2,1
1105,2026-07-10,2026,7,10,4,0,3,8,10,28,48,12,97,19.4,3,48,45,1,4,1
1106,2026-07-14,2026,7,14,1,0,10,23,34,35,37,2,139,27.8,10,37,27,3,2,1
1107,2026-07-17,2026,7,17,4,0,18,21,40,41,43,16,163,32.6,18,43,25,3,2,1
1108,2026-07-21,2026,7,21,1,0,12,16,32,33,39,16,132,26.4,12,39,27,2,3,1
1109,2026-07-24,2026,7,24,4,0,14,16,22,37,42,10,131,26.2,14,42,28,1,4,1
1110,2026-07-28,2026,7,28,1,0,23,26,29,44,49,5,171,34.2,23,49,26,3,2,0
1111,2026-07-31,2026,7,31,4,0,1,17,19,22,36,5,95,19.0,1,36,35,3,2,0
1112,2026-08-04,2026,8,4,1,0,5,20,21,36,44,13,126,25.2,5,44,39,2,3,0
1113,2026-08-07,2026,8,7,4,0,10,11,21,46,47,6,135,27.0,10,47,37,3,2,1
1114,2026-08-11,2026,8,11,1,0,15,21,31,42,50,2,159,31.8,15,50,35,3,2,1
1115,2015-12-01,2015,12,1,1,0,6,10,13,20,44,15,93,18.6,6,44,38,1,4,0
1116,2015-12-04,2015,12,4,4,0,2,3,25,41,43,19,114,22.8,2,43,41,4,1,0
1117,2015-12-08,2015,12,8,1,0,1,10,19,29,34,1,93,18.6,1,34,33,3,2,0
1118,2015-12-11,2015,12,11,4,0,4,6,33,43,44,13,130,26.0,4,44,40,2,3,0
1119,2015-12-15,2015,12,15,1,0,1,7,25,37,41,20,111,22.2,1,41,40,5,0,1
1120,2015-12-18,2015,12,18,4,0,3,5,14,21,41,5,84,16.8,3,41,38,4,1,0
1121,2015-12-22,2015,12,22,1,0,14,15,26,32,43,15,130,26.0,14,43,29,2,3,0
1122,2015-12-29,2015,12,29,1,0,4,10,20,31,35,14,100,20.0,4,35,31,2,3,1
1123,2017-01-03,2017,1,3,1,0,1,9,24,30,34,15,98,19.6,1,34,33,2,3,0
1124,2017-01-06,2017,1,6,4,0,1,4,13,36,44,5,98,19.6,1,44,43,2,3,0
1125,2017-01-10,2017,1,10,1,0,9,11,13,20,31,20,84,16.8,9,31,22,4,1,1
1126,2017-01-13,2017,1,13,4,0,9,11,20,33,43,5,116,23.2,9,43,34,4,1,0
1127,2017-01-17,2017,1,17,1,0,4,17,25,34,43,6,123,24.6,4,43,39,3,2,1
1128,2017-01-20,2017,1,20,4,0,2,7,8,17,23,11,57,11.4,2,23,21,3,2,0
1129,2017-01-24,2017,1,24,1,0,17,19,27,31,45,13,139,27.8,17,45,28,5,0,0
1130,2017-01-27,2017,1,27,4,0,9,27,28,31,34,9,129,25.8,9,34,25,3,2,0
1131,2017-01-31,2017,1,31,1,0,1,6,20,35,39,19,101,20.2,1,39,38,3,2,0
1132,2017-02-03,2017,2,3,4,0,25,26,28,30,38,19,147,29.4,25,38,13,1,4,0
1133,2017-02-07,2017,2,7,1,0,5,27,30,33,41,20,136,27.2,5,41,36,4,1,1
1134,2017-02-10,2017,2,10,4,0,12,15,16,33,41,16,117,23.4,12,41,29,3,2,1
1135,2017-02-14,2017,2,14,1,0,10,13,17,39,43,20,122,24.4,10,43,33,4,1,1
1136,2017-02-17,2017,2,17,4,0,12,24,27,36,44,1,143,28.6,12,44,32,1,4,0
1137,2017-02-21,2017,2,21,1,0,5,9,27,29,43,13,113,22.6,5,43,38,5,0,0
1138,2017-02-24,2017,2,24,4,0,5,16,23,26,33,14,103,20.6,5,33,28,3,2,1
1139,2017-02-28,2017,2,28,1,0,4,11,13,34,38,16,100,20.0,4,38,34,2,3,1
1140,2017-03-03,2017,3,3,4,0,4,11,23,27,29,12,94,18.8,4,29,25,4,1,1
1141,2017-03-07,2017,3,7,1,0,1,3,23,27,33,17,87,17.4,1,33,32,5,0,0
1142,2017-03-10,2017,3,10,4,0,11,19,29,30,31,10,120,24.0,11,31,20,4,1,1
1143,2017-03-14,2017,3,14,1,0,11,25,33,37,41,1,147,29.4,11,41,30,5,0,0
1144,2017-03-17,2017,3,17,4,0,6,10,11,13,17,11,57,11.4,6,17,11,3,2,0
1145,2017-03-21,2017,3,21,1,0,5,7,15,17,27,17,71,14.2,5,27,22,5,0,0
1146,2017-03-24,2017,3,24,4,0,17,25,29,36,41,14,148,29.6,17,41,24,4,1,1
1147,2017-03-28,2017,3,28,1,0,4,5,21,22,29,16,81,16.2,4,29,25,3,2,1
1148,2017-03-31,2017,3,31,4,0,9,13,34,39,42,8,137,27.4,9,42,33,3,2,1
1149,2017-04-04,2017,4,4,1,0,11,30,32,40,42,20,155,31.0,11,42,31,1,4,1
1150,2017-04-07,2017,4,7,4,0,23,29,30,31,33,20,146,29.2,23,33,10,4,1,1
1151,2017-04-11,2017,4,11,1,0,15,33,35,44,45,18,172,34.4,15,45,30,4,1,1
1152,2017-04-14,2017,4,14,4,0,5,7,15,20,43,1,90,18.0,5,43,38,4,1,0
1153,2017-04-18,2017,4,18,1,0,6,17,34,35,41,17,133,26.6,6,41,35,3,2,0
1154,2017-04-21,2017,4,21,4,0,1,19,29,38,41,12,128,25.6,1,41,40,4,1,1
1155,2017-04-25,2017,4,25,1,0,8,24,26,27,33,16,118,23.6,8,33,25,2,3,1
1156,2017-04-28,2017,4,28,4,0,13,20,21,41,45,6,140,28.0,13,45,32,4,1,1
1157,2017-05-02,2017,5,2,1,0,3,4,8,17,28,19,60,12.0,3,28,25,2,3,0
1158,2017-05-05,2017,5,5,4,0,5,9,19,39,40,14,112,22.4,5,40,35,4,1,1
1159,2017-05-09,2017,5,9,1,0,8,20,34,36,44,11,142,28.4,8,44,36,0,5,0
1160,2017-05-12,2017,5,12,4,0,6,25,26,32,43,20,132,26.4,6,43,37,2,3,1
1161,2017-05-16,2017,5,16,1,0,8,9,28,36,38,7,119,23.8,8,38,30,1,4,0
1162,2017-05-19,2017,5,19,4,0,3,24,34,35,44,14,140,28.0,3,44,41,2,3,1
1163,2017-05-23,2017,5,23,1,0,19,22,23,25,43,14,132,26.4,19,43,24,4,1,1
1164,2017-05-26,2017,5,26,4,0,7,12,20,21,28,13,88,17.6,7,28,21,2,3,0
1165,2017-05-30,2017,5,30,1,0,7,26,33,43,45,18,154,30.8,7,45,38,4,1,1
1166,2017-06-02,2017,6,2,4,0,9,19,25,28,40,10,121,24.2,9,40,31,3,2,1
1167,2017-06-06,2017,6,6,1,0,5,15,30,38,44,6,132,26.4,5,44,39,2,3,1
1168,2017-06-09,2017,6,9,4,0,4,18,19,27,31,19,99,19.8,4,31,27,3,2,0
1169,2017-06-13,2017,6,13,1,0,6,15,32,33,40,6,126,25.2,6,40,34,2,3,1
1170,2017-06-16,2017,6,16,4,0,31,34,40,42,44,14,191,38.2,31,44,13,1,4,1
1171,2017-06-20,2017,6,20,1,0,2,9,15,16,17,14,59,11.8,2,17,15,3,2,1
1172,2017-06-23,2017,6,23,4,0,7,11,29,37,40,17,124,24.8,7,40,33,4,1,0
1173,2017-06-27,2017,6,27,1,0,1,27,28,35,42,10,133,26.6,1,42,41,3,2,1
1174,2017-06-30,2017,6,30,4,0,1,2,7,22,31,15,63,12.6,1,31,30,3,2,0
1175,2017-07-04,2017,7,4,1,0,18,22,30,34,35,2,139,27.8,18,35,17,1,4,1
1176,2017-07-07,2017,7,7,4,0,1,4,5,24,35,20,69,13.8,1,35,34,3,2,1
1177,2017-07-11,2017,7,11,1,0,9,10,13,27,36,17,95,19.0,9,36,27,3,2,0
1178,2017-07-14,2017,7,14,4,0,11,25,26,41,43,8,146,29.2,11,43,32,4,1,1
1179,2017-07-18,2017,7,18,1,0,22,25,30,31,36,14,144,28.8,22,36,14,2,3,1
1180,2017-07-21,2017,7,21,4,0,11,16,20,22,38,3,107,21.4,11,38,27,1,4,0
1181,2017-07-25,2017,7,25,1,0,11,14,31,33,34,6,123,24.6,11,34,23,3,2,1
1182,2017-07-28,2017,7,28,4,0,6,18,23,33,34,4,114,22.8,6,34,28,2,3,1
1183,2017-08-01,2017,8,1,1,0,12,21,27,33,40,9,133,26.6,12,40,28,3,2,0
1184,2017-08-04,2017,8,4,4,0,3,22,38,43,45,15,151,30.2,3,45,42,3,2,0
1185,2017-08-08,2017,8,8,1,0,9,13,26,28,34,5,110,22.0,9,34,25,2,3,0
1186,2017-08-11,2017,8,11,4,0,3,17,23,36,43,16,122,24.4,3,43,40,4,1,1
1187,2017-08-15,2017,8,15,1,0,15,24,29,30,43,4,141,28.2,15,43,28,3,2,1
1188,2017-08-18,2017,8,18,4,0,11,14,20,27,38,4,110,22.0,11,38,27,2,3,1
1189,2017-08-22,2017,8,22,1,0,10,12,23,29,35,18,109,21.8,10,35,25,3,2,1
1190,2017-08-25,2017,8,25,4,0,13,20,24,34,45,10,136,27.2,13,45,32,2,3,1
1191,2017-08-29,2017,8,29,1,0,4,10,14,32,37,20,97,19.4,4,37,33,1,4,1
1192,2017-09-01,2017,9,1,4,0,28,32,34,37,39,11,170,34.0,28,39,11,2,3,0
1193,2017-09-05,2017,9,5,1,0,7,9,20,24,36,2,96,19.2,7,36,29,2,3,1
1194,2017-09-08,2017,9,8,4,0,4,22,23,27,35,10,111,22.2,4,35,31,3,2,1
1195,2017-09-12,2017,9,12,1,0,5,16,21,26,34,18,102,20.4,5,34,29,2,3,1
1196,2017-09-15,2017,9,15,4,0,15,21,30,38,42,12,146,29.2,15,42,27,2,3,1
1197,2017-09-19,2017,9,19,1,0,6,14,35,39,41,15,135,27.0,6,41,35,3,2,0
1198,2017-09-22,2017,9,22,4,0,3,8,12,19,41,10,83,16.6,3,41,38,3,2,1
1199,2017-09-26,2017,9,26,1,0,15,21,30,33,40,16,139,27.8,15,40,25,3,2,1
1200,2017-09-29,2017,9,29,4,0,18,22,28,36,39,5,143,28.6,18,39,21,1,4,0
1201,2017-10-03,2017,10,3,1,0,9,15,26,41,45,12,136,27.2,9,45,36,4,1,1
1202,2017-10-06,2017,10,6,4,0,7,11,16,19,32,5,85,17.0,7,32,25,3,2,0
1203,2017-10-10,2017,10,10,1,0,6,22,27,29,32,2,116,23.2,6,32,26,2,3,1
1204,2017-10-13,2017,10,13,4,0,16,19,20,29,35,13,119,23.8,16,35,19,3,2,0
1205,2017-10-17,2017,10,17,1,0,9,22,25,40,45,9,141,28.2,9,45,36,3,2,0
1206,2017-10-20,2017,10,20,4,0,1,6,22,27,42,19,98,19.6,1,42,41,2,3,0
1207,2017-10-24,2017,10,24,1,0,1,4,6,19,27,14,57,11.4,1,27,26,3,2,1
1208,2017-10-27,2017,10,27,4,0,4,22,31,35,38,15,130,26.0,4,38,34,2,3,0
1209,2017-10-31,2017,10,31,1,0,1,9,13,20,24,16,67,13.4,1,24,23,3,2,1
1210,2017-11-03,2017,11,3,4,0,1,12,15,34,37,16,99,19.8,1,37,36,3,2,1
1211,2017-11-07,2017,11,7,1,0,11,12,15,16,30,12,84,16.8,11,30,19,2,3,1
1212,2017-11-10,2017,11,10,4,0,9,13,26,38,43,3,129,25.8,9,43,34,3,2,0
1213,2017-11-14,2017,11,14,1,0,9,15,24,26,31,2,105,21.0,9,31,22,3,2,1
1214,2017-11-17,2017,11,17,4,0,2,17,26,27,29,13,101,20.2,2,29,27,3,2,0
1215,2017-11-21,2017,11,21,1,0,9,10,25,32,37,5,113,22.6,9,37,28,3,2,0
1216,2017-11-24,2017,11,24,4,0,25,30,33,36,45,17,169,33.8,25,45,20,3,2,0
1217,2017-11-28,2017,11,28,1,0,19,24,25,32,44,19,144,28.8,19,44,25,2,3,0
1218,2017-12-01,2017,12,1,4,0,20,23,37,39,43,9,162,32.4,20,43,23,4,1,0
1219,2017-12-05,2017,12,5,1,0,9,10,18,23,27,2,87,17.4,9,27,18,3,2,1
1220,2017-12-08,2017,12,8,4,0,10,12,17,20,41,17,100,20.0,10,41,31,2,3,0
1221,2017-12-12,2017,12,12,1,0,12,22,31,33,40,1,138,27.6,12,40,28,2,3,0
1222,2017-12-15,2017,12,15,4,0,15,23,27,34,39,13,138,27.6,15,39,24,4,1,0
1223,2017-12-19,2017,12,19,1,0,13,15,25,31,35,8,119,23.8,13,35,22,5,0,1
1224,2017-12-22,2017,12,22,4,0,5,11,13,25,34,14,88,17.6,5,34,29,4,1,1
1225,2017-12-26,2017,12,26,1,0,4,6,18,24,29,18,81,16.2,4,29,25,1,4,1
1226,2017-12-29,2017,12,29,4,0,1,2,12,36,45,4,96,19.2,1,45,44,2,3,1
1227,2026-01-02,2026,1,2,4,0,2,22,29,36,43,3,132,26.4,2,43,41,2,3,0
1228,2026-01-06,2026,1,6,1,0,8,17,24,29,41,8,119,23.8,8,41,33,3,2,1
1229,2026-01-09,2026,1,9,4,0,13,14,27,38,42,12,134,26.8,13,42,29,2,3,1
1230,2026-01-13,2026,1,13,1,0,1,2,11,15,42,13,71,14.2,1,42,41,3,2,0
1231,2026-01-16,2026,1,16,4,0,3,24,29,32,34,18,122,24.4,3,34,31,2,3,1
1232,2026-01-20,2026,1,20,1,0,1,5,7,15,40,4,68,13.6,1,40,39,4,1,1
1233,2026-01-23,2026,1,23,4,0,3,16,18,23,42,20,102,20.4,3,42,39,2,3,1
1234,2026-01-27,2026,1,27,1,0,14,23,31,44,49,9,161,32.2,14,49,35,3,2,0
1235,2026-01-30,2026,1,30,4,0,2,9,14,35,42,9,102,20.4,2,42,40,2,3,0
1236,2026-02-03,2026,2,3,1,0,1,10,26,27,40,5,104,20.8,1,40,39,2,3,0
1237,2026-02-06,2026,2,6,4,0,2,6,35,36,46,2,125,25.0,2,46,44,1,4,1
1238,2026-02-10,2026,2,10,1,0,4,20,37,41,42,11,144,28.8,4,42,38,2,3,0
1239,2026-02-13,2026,2,13,4,0,6,20,24,30,34,11,114,22.8,6,34,28,0,5,0
1240,2026-02-17,2026,2,17,1,0,23,24,30,41,43,5,161,32.2,23,43,20,3,2,0
1241,2026-02-20,2026,2,20,4,0,7,8,23,36,41,17,115,23.0,7,41,34,3,2,0
1242,2026-02-24,2026,2,24,1,0,9,14,39,41,48,10,151,30.2,9,48,39,3,2,1
1243,2026-02-27,2026,2,27,4,0,27,31,36,37,43,4,174,34.8,27,43,16,4,1,1
1244,2026-03-03,2026,3,3,1,0,4,21,29,45,48,6,147,29.4,4,48,44,3,2,1
1245,2026-03-06,2026,3,6,4,0,15,21,25,44,49,1,154,30.8,15,49,34,4,1,0
1246,2026-03-10,2026,3,10,1,0,2,23,27,32,49,11,133,26.6,2,49,47,3,2,0
1247,2026-03-13,2026,3,13,4,0,9,14,23,34,36,20,116,23.2,9,36,27,2,3,1
1248,2026-03-17,2026,3,17,1,0,7,9,10,31,34,4,91,18.2,7,34,27,3,2,1
1249,2026-03-20,2026,3,20,4,0,12,18,28,40,45,15,143,28.6,12,45,33,1,4,0
1250,2026-03-24,2026,3,24,1,0,7,15,19,31,44,20,116,23.2,7,44,37,4,1,1
1251,2026-03-27,2026,3,27,4,0,1,7,11,27,32,1,78,15.6,1,32,31,4,1,0
1252,2026-03-31,2026,3,31,1,0,4,5,10,16,42,12,77,15.4,4,42,38,1,4,1
1253,2026-04-03,2026,4,3,4,0,16,20,21,24,25,6,106,21.2,16,25,9,2,3,1
1254,2026-04-07,2026,4,7,1,0,22,29,30,43,46,9,170,34.0,22,46,24,2,3,0
1255,2026-04-10,2026,4,10,4,0,8,10,14,23,36,13,91,18.2,8,36,28,1,4,0
1256,2026-04-14,2026,4,14,1,0,4,17,20,23,50,1,114,22.8,4,50,46,2,3,0
1257,2026-04-17,2026,4,17,4,0,8,36,43,44,48,3,179,35.8,8,48,40,1,4,0
1258,2026-04-21,2026,4,21,1,0,1,7,16,31,36,7,91,18.2,1,36,35,3,2,0
1259,2026-04-24,2026,4,24,4,0,1,18,32,35,47,6,133,26.6,1,47,46,3,2,1
1260,2026-04-28,2026,4,28,1,0,6,10,13,24,26,2,79,15.8,6,26,20,1,4,1
1261,2026-05-01,2026,5,1,4,0,7,8,33,38,45,13,131,26.2,7,45,38,3,2,0
1262,2026-05-05,2026,5,5,1,0,19,37,39,40,45,3,180,36.0,19,45,26,4,1,0
1263,2026-05-08,2026,5,8,4,0,13,17,28,41,47,19,146,29.2,13,47,34,4,1,0
1264,2026-05-12,2026,5,12,1,0,19,20,29,35,44,6,147,29.4,19,44,25,3,2,1
1265,2026-05-15,2026,5,15,4,0,17,21,25,35,37,11,135,27.0,17,37,20,5,0,0
1266,2026-05-19,2026,5,19,1,0,5,21,23,41,43,11,133,26.6,5,43,38,5,0,0
1267,2026-05-22,2026,5,22,4,0,10,11,15,22,48,5,106,21.2,10,48,38,2,3,0
1268,2026-05-26,2026,5,26,1,0,13,27,29,36,37,10,142,28.4,13,37,24,4,1,1
1269,2026-05-29,2026,5,29,4,0,14,17,22,27,36,20,116,23.2,14,36,22,2,3,1
1270,2026-06-02,2026,6,2,1,0,4,12,27,35,41,15,119,23.8,4,41,37,3,2,0
1271,2026-06-05,2026,6,5,4,0,2,23,44,48,50,14,167,33.4,2,50,48,1,4,1
1272,2026-06-09,2026,6,9,1,0,19,32,40,45,48,11,184,36.8,19,48,29,2,3,0
1273,2026-06-12,2026,6,12,4,0,3,9,32,42,46,1,132,26.4,3,46,43,2,3,0
1274,2026-06-16,2026,6,16,1,0,5,12,17,20,43,1,97,19.4,5,43,38,3,2,0
1275,2026-06-19,2026,6,19,4,0,7,23,26,38,46,15,140,28.0,7,46,39,2,3,0
1276,2026-06-23,2026,6,23,1,0,3,25,27,39,40,4,134,26.8,3,40,37,4,1,1
1277,2026-06-26,2026,6,26,4,0,16,20,31,33,47,8,147,29.4,16,47,31,3,2,1
1278,2026-06-30,2026,6,30,1,0,8,14,16,25,44,15,107,21.4,8,44,36,1,4,0
1279,2026-07-03,2026,7,3,4,0,5,21,39,46,47,12,158,31.6,5,47,42,4,1,1
1280,2026-07-07,2026,7,7,1,0,16,29,32,45,47,2,169,33.8,16,47,31,3,2,1
1281,2026-07-10,2026,7,10,4,0,3,8,10,28,48,12,97,19.4,3,48,45,1,4,1
1282,2026-07-14,2026,7,14,1,0,10,23,34,35,37,2,139,27.8,10,37,27,3,2,1
1283,2026-07-17,2026,7,17,4,0,18,21,40,41,43,16,163,32.6,18,43,25,3,2,1
1284,2026-07-21,2026,7,21,1,0,12,16,32,33,39,16,132,26.4,12,39,27,2,3,1
1285,2026-07-24,2026,7,24,4,0,14,16,22,37,42,10,131,26.2,14,42,28,1,4,1
1286,2026-07-28,2026,7,28,1,0,23,26,29,44,49,5,171,34.2,23,49,26,3,2,0
1287,2026-07-31,2026,7,31,4,0,1,17,19,22,36,5,95,19.0,1,36,35,3,2,0
1288,2026-08-04,2026,8,4,1,0,5,20,21,36,44,13,126,25.2,5,44,39,2,3,0
1289,2026-08-07,2026,8,7,4,0,10,11,21,46,47,6,135,27.0,10,47,37,3,2,1
1290,2026-08-11,2026,8,11,1,0,15,21,31,42,50,2,159,31.8,15,50,35,3,2,1
1291,2026-08-14,2026,8,14,4,0,7,27,28,46,48,2,156,31.2,7,48,41,2,3,1
